SK_ID_CURR,EXT_SOURCE_1,EXT_SOURCE_2,PAYMENT_RATE,EXT_SOURCE_3,DAYS_EMPLOYED,INSTAL_DPD_MEAN,APPROVED_CNT_PAYMENT_MEAN,AMT_ANNUITY,DAYS_BIRTH,PREV_CNT_PAYMENT_MEAN,INSTAL_AMT_PAYMENT_SUM,CODE_GENDER,OWN_CAR_AGE,AMT_GOODS_PRICE,APPROVED_AMT_DOWN_PAYMENT_MAX,AMT_CREDIT,CC_CNT_DRAWINGS_CURRENT_VAR,NAME_EDUCATION_TYPE_Higher_education,CC_CNT_DRAWINGS_CURRENT_MEAN,INSTAL_PAYMENT_PERC_MEAN,ANNUITY_INCOME_PERC,BURO_AMT_CREDIT_SUM_DEBT_MEAN,INSTAL_PAYMENT_DIFF_MEAN,POS_COUNT,BURO_AMT_CREDIT_MAX_OVERDUE_MEAN,NAME_CONTRACT_TYPE_Cash_loans,ACTIVE_DAYS_CREDIT_MAX,POS_SK_DPD_DEF_MEAN,PREV_NAME_CONTRACT_STATUS_Refused_MEAN,DAYS_ID_PUBLISH,INSTAL_AMT_PAYMENT_MIN,ACTIVE_DAYS_CREDIT_ENDDATE_MAX,NAME_FAMILY_STATUS_Married,PREV_NAME_YIELD_GROUP_low_action_MEAN,INSTAL_AMT_PAYMENT_MAX,INSTAL_DAYS_ENTRY_PAYMENT_SUM,PREV_NAME_YIELD_GROUP_high_MEAN,ACTIVE_AMT_CREDIT_MAX_OVERDUE_MEAN,BURO_CREDIT_TYPE_Mortgage_MEAN,REFUSED_DAYS_DECISION_MAX,BURO_DAYS_CREDIT_MAX,INSTAL_DAYS_ENTRY_PAYMENT_MEAN,BURO_CREDIT_TYPE_Microloan_MEAN,CC_AMT_BALANCE_MEAN,FLAG_DOCUMENT_3,ACTIVE_DAYS_CREDIT_ENDDATE_MEAN,APPROVED_AMT_ANNUITY_MEAN,INSTAL_PAYMENT_PERC_SUM,APPROVED_APP_CREDIT_PERC_MAX,CC_AMT_RECEIVABLE_PRINCIPAL_MEAN,BURO_DAYS_CREDIT_MEAN,INSTAL_DBD_SUM,CC_CNT_DRAWINGS_ATM_CURRENT_SUM,NAME_EDUCATION_TYPE_Secondary_secondary_special,BURO_CREDIT_ACTIVE_Closed_MEAN,CLOSED_DAYS_CREDIT_VAR,DAYS_LAST_PHONE_CHANGE,PREV_AMT_DOWN_PAYMENT_MAX,DEF_60_CNT_SOCIAL_CIRCLE,INCOME_CREDIT_PERC,CLOSED_AMT_CREDIT_SUM_SUM,INSTAL_AMT_PAYMENT_MEAN,PREV_NAME_PRODUCT_TYPE_walk_in_MEAN,ACTIVE_AMT_CREDIT_SUM_LIMIT_MEAN,POS_MONTHS_BALANCE_MEAN,ACTIVE_AMT_CREDIT_SUM_SUM,PREV_PRODUCT_COMBINATION_POS_industry_with_interest_MEAN,PREV_APP_CREDIT_PERC_MAX,PREV_NAME_YIELD_GROUP_low_normal_MEAN,REGION_RATING_CLIENT,CLOSED_AMT_CREDIT_SUM_MAX,PREV_NAME_CONTRACT_STATUS_Approved_MEAN,POS_MONTHS_BALANCE_MAX,ACTIVE_AMT_CREDIT_SUM_MEAN,ACTIVE_DAYS_CREDIT_MEAN,REGION_POPULATION_RELATIVE,BURO_AMT_CREDIT_SUM_MEAN,APPROVED_AMT_GOODS_PRICE_MAX,INSTAL_DAYS_ENTRY_PAYMENT_MAX,APPROVED_CNT_PAYMENT_SUM,APPROVED_AMT_ANNUITY_MAX,CC_AMT_DRAWINGS_CURRENT_MEAN,PREV_PRODUCT_COMBINATION_Cash_X_Sell_high_MEAN,ACTIVE_AMT_CREDIT_SUM_DEBT_MEAN,REFUSED_CNT_PAYMENT_MEAN,APPROVED_DAYS_DECISION_MAX,INSTAL_PAYMENT_DIFF_SUM,POS_NAME_CONTRACT_STATUS_Active_MEAN,CC_AMT_DRAWINGS_POS_CURRENT_SUM,PREV_CODE_REJECT_REASON_XAP_MEAN,CLOSED_DAYS_CREDIT_MAX,BURO_DAYS_CREDIT_ENDDATE_MAX,PREV_HOUR_APPR_PROCESS_START_MEAN,OCCUPATION_TYPE_Core_staff,PREV_CNT_PAYMENT_SUM,CLOSED_DAYS_CREDIT_ENDDATE_MAX,TOTALAREA_MODE,PREV_PRODUCT_COMBINATION_Cash_X_Sell_low_MEAN,CC_AMT_TOTAL_RECEIVABLE_MEAN,PREV_AMT_ANNUITY_MEAN,REFUSED_CNT_PAYMENT_SUM,YEARS_BEGINEXPLUATATION_AVG,BURO_AMT_CREDIT_SUM_DEBT_SUM,BURO_AMT_CREDIT_SUM_SUM,CLOSED_AMT_CREDIT_SUM_MEAN,REG_CITY_NOT_LIVE_CITY,FLOORSMAX_AVG,LIVINGAREA_AVG,ACTIVE_AMT_CREDIT_SUM_DEBT_MAX,BURO_DAYS_CREDIT_ENDDATE_MEAN,PREV_AMT_ANNUITY_MIN,PREV_CHANNEL_TYPE_AP_Cash_loan_MEAN,NAME_INCOME_TYPE_Working,INSTAL_AMT_INSTALMENT_SUM,CC_AMT_DRAWINGS_CURRENT_VAR,APPROVED_AMT_DOWN_PAYMENT_MEAN,PREV_NAME_SELLER_INDUSTRY_Connectivity_MEAN,PREV_NAME_PRODUCT_TYPE_XNA_MEAN,PREV_DAYS_DECISION_MAX,APPROVED_HOUR_APPR_PROCESS_START_MAX,NAME_INCOME_TYPE_State_servant,CC_AMT_PAYMENT_TOTAL_CURRENT_SUM,CC_AMT_BALANCE_MIN,BURO_STATUS_1_MEAN_MEAN,INSTAL_DPD_MAX,CC_AMT_DRAWINGS_ATM_CURRENT_SUM,AMT_REQ_CREDIT_BUREAU_QRT,ACTIVE_DAYS_CREDIT_ENDDATE_MIN,PREV_NAME_GOODS_CATEGORY_Furniture_MEAN,REFUSED_AMT_APPLICATION_MEAN,BURO_DAYS_CREDIT_VAR,DAYS_REGISTRATION,CLOSED_AMT_CREDIT_MAX_OVERDUE_MEAN,INSTAL_DBD_MEAN,BURO_AMT_CREDIT_SUM_LIMIT_MEAN,POS_SK_DPD_DEF_MAX,ACTIVE_AMT_CREDIT_SUM_OVERDUE_MEAN,PREV_NAME_TYPE_SUITE_Unaccompanied_MEAN,BURO_STATUS_C_MEAN_MEAN,PREV_APP_CREDIT_PERC_VAR,PREV_AMT_DOWN_PAYMENT_MEAN,PREV_RATE_DOWN_PAYMENT_MAX,CC_AMT_PAYMENT_TOTAL_CURRENT_MEAN,PREV_RATE_DOWN_PAYMENT_MEAN,ACTIVE_AMT_CREDIT_SUM_LIMIT_SUM,PREV_AMT_ANNUITY_MAX,PREV_AMT_GOODS_PRICE_MIN,PREV_HOUR_APPR_PROCESS_START_MAX,CLOSED_MONTHS_BALANCE_MIN_MIN,ACTIVE_DAYS_CREDIT_UPDATE_MEAN,CC_AMT_INST_MIN_REGULARITY_VAR,PREV_NAME_CLIENT_TYPE_Refreshed_MEAN,OCCUPATION_TYPE_Drivers,INSTAL_COUNT,CC_AMT_CREDIT_LIMIT_ACTUAL_MEAN,NONLIVINGAREA_AVG,INSTAL_AMT_INSTALMENT_MEAN,INSTAL_PAYMENT_DIFF_MAX,ELEVATORS_AVG,CC_AMT_INST_MIN_REGULARITY_MEAN,REFUSED_HOUR_APPR_PROCESS_START_MEAN,YEARS_BUILD_AVG,REFUSED_HOUR_APPR_PROCESS_START_MIN,REFUSED_AMT_CREDIT_MIN,BASEMENTAREA_AVG,CC_CNT_DRAWINGS_CURRENT_MAX,BURO_DAYS_CREDIT_UPDATE_MEAN,APPROVED_RATE_DOWN_PAYMENT_MAX,APARTMENTS_AVG,PREV_NAME_YIELD_GROUP_XNA_MEAN,PREV_NAME_GOODS_CATEGORY_Computers_MEAN,PREV_NAME_GOODS_CATEGORY_XNA_MEAN,ACTIVE_DAYS_CREDIT_VAR,ORGANIZATION_TYPE_Business_Entity_Type_3,PREV_NAME_SELLER_INDUSTRY_Clothing_MEAN,APPROVED_APP_CREDIT_PERC_VAR,CC_AMT_TOTAL_RECEIVABLE_SUM,CC_AMT_PAYMENT_TOTAL_CURRENT_MAX,BURO_DAYS_CREDIT_ENDDATE_MIN,APPROVED_AMT_ANNUITY_MIN,APPROVED_AMT_APPLICATION_MEAN,APPROVED_AMT_CREDIT_MEAN,CC_CNT_INSTALMENT_MATURE_CUM_MEAN,ACTIVE_MONTHS_BALANCE_SIZE_SUM,CC_CNT_INSTALMENT_MATURE_CUM_SUM,ACTIVE_AMT_CREDIT_SUM_DEBT_SUM,CC_AMT_PAYMENT_TOTAL_CURRENT_VAR,BURO_CREDIT_TYPE_Car_loan_MEAN,CLOSED_DAYS_CREDIT_MEAN,CC_AMT_CREDIT_LIMIT_ACTUAL_MAX,CLOSED_DAYS_CREDIT_ENDDATE_MIN,PREV_NAME_SELLER_INDUSTRY_XNA_MEAN,PREV_PRODUCT_COMBINATION_Cash_Street_high_MEAN,PREV_PRODUCT_COMBINATION_Cash_Street_low_MEAN,APPROVED_AMT_APPLICATION_MIN,BURO_CREDIT_ACTIVE_Active_MEAN,APPROVED_AMT_GOODS_PRICE_MIN,APPROVED_RATE_DOWN_PAYMENT_MIN,REFUSED_AMT_ANNUITY_MEAN,REFUSED_AMT_APPLICATION_MIN,REFUSED_APP_CREDIT_PERC_MAX,REFUSED_AMT_GOODS_PRICE_MAX,POS_NAME_CONTRACT_STATUS_Completed_MEAN,POS_NAME_CONTRACT_STATUS_Returned_to_the_store_MEAN,CC_AMT_INST_MIN_REGULARITY_MAX,INSTAL_NUM_INSTALMENT_VERSION_NUNIQUE,INSTAL_PAYMENT_PERC_MAX,INSTAL_PAYMENT_PERC_VAR,CC_AMT_BALANCE_MAX,PREV_NAME_YIELD_GROUP_middle_MEAN,PREV_NAME_SELLER_INDUSTRY_Furniture_MEAN,CLOSED_DAYS_CREDIT_ENDDATE_MEAN,PREV_CHANNEL_TYPE_Stone_MEAN,CLOSED_MONTHS_BALANCE_SIZE_SUM,PREV_AMT_APPLICATION_MIN,PREV_AMT_APPLICATION_MEAN,PREV_AMT_CREDIT_MIN,FLAG_OWN_CAR,PREV_NAME_CONTRACT_TYPE_Consumer_loans_MEAN,PREV_NAME_CONTRACT_TYPE_Revolving_loans_MEAN,PREV_WEEKDAY_APPR_PROCESS_START_SUNDAY_MEAN,PREV_CODE_REJECT_REASON_HC_MEAN,PREV_NAME_TYPE_SUITE_Family_MEAN,PREV_NAME_CLIENT_TYPE_New_MEAN,PREV_NAME_GOODS_CATEGORY_Clothing_and_Accessories_MEAN,PREV_NAME_GOODS_CATEGORY_Direct_Sales_MEAN,PREV_NAME_PORTFOLIO_POS_MEAN,PREV_NAME_PORTFOLIO_XNA_MEAN,CC_AMT_BALANCE_VAR,PREV_CHANNEL_TYPE_Channel_of_corporate_sales_MEAN,PREV_NAME_PRODUCT_TYPE_x_sell_MEAN,CC_COUNT,FLAG_PHONE,AMT_INCOME_TOTAL,TARGET
100002,0.0830369673913225,0.2629485927471776,0.06074926678103038,0.1393757800997895,-637.0,0.0,24.0,24700.5,-9461,24.0,219625.695,0,,351000.0,0.0,406597.5,,False,,1.0,0.12197777777777778,49156.2,0.0,19.0,1681.029,True,-103.0,0.0,0.0,-2120,9251.775,780.0,False,0.0,53093.745,-5993.0,0.0,40.5,0.0,,-103.0,-315.42105263157896,0.0,,1,780.0,9251.775,19.0,1.0,,-874.0,388.0,,True,0.75,123956.7,-1134.0,0.0,2.0,0.4980355265342261,383067.0,11559.247105263159,0.0,15994.2825,-10.0,481988.565,0.0,1.0,1.0,2,135000.0,1.0,-1.0,240994.2825,-572.5,0.018801,108131.945625,179055.0,-49.0,24.0,9251.775,,0.0,122890.5,,-606.0,0.0,1.0,,1.0,-476.0,780.0,9.0,False,24.0,85.0,0.0149,0.0,,9251.775,,0.9722,245781.0,865055.565,63844.5,0,0.0833,0.019,245781.0,-349.0,9251.775,0.0,True,219625.695,,0.0,0.0,1.0,-606.0,9.0,False,,,0.2556818181818182,0.0,,0.0,780.0,0.0,,186150.0,-3648.0,2091.16125,20.42105263157895,7997.14125,0.0,0.0,0.0,0.17542613636363635,,0.0,0.0,,0.0,31988.565,9251.775,179055.0,9.0,-47.0,-15.5,,0.0,False,19.0,,0.0,11559.247105263159,0.0,0.0,,,0.6192,,,0.0369,,-499.875,0.0,0.0247,0.0,0.0,0.0,440860.5,True,0.0,,,,-1072.0,9251.775,179055.0,179055.0,,20.0,,245781.0,,0.0,-974.5,,-1072.0,0.0,0.0,0.0,179055.0,0.25,179055.0,0.0,,,,,0.0,0.0,,2.0,1.0,0.0,,0.0,0.0,-574.8,1.0,90.0,179055.0,179055.0,179055.0,0,1.0,0.0,0.0,0.0,0.0,1.0,0.0,0.0,1.0,0.0,,0.0,0.0,,1,202500.0,1.0
100003,0.3112673113812225,0.6222457752555098,0.027598323157473605,,-1188.0,0.0,10.0,35698.5,-16765,10.0,1618864.65,1,,1129500.0,6885.0,1293502.5,,True,,1.0,0.13221666666666668,0.0,0.0,28.0,0.0,True,-606.0,0.0,0.0,-291,6662.97,1216.0,True,0.0,560835.36,-34633.0,0.0,0.0,0.0,,-606.0,-1385.32,0.0,,1,1216.0,56553.99,25.0,1.0111089069629042,,-1400.75,179.0,,False,0.75,820590.3333333334,-828.0,6885.0,0.0,0.20873558419871627,207400.5,64754.585999999996,0.0,810000.0,-43.785714285714285,810000.0,0.3333333333333333,1.0111089069629042,0.3333333333333333,1,112500.0,1.0,-18.0,810000.0,-606.0,0.0035409999999999,254350.125,900000.0,-544.0,30.0,98356.995,,0.0,0.0,,-746.0,0.0,0.9285714285714286,,1.0,-775.0,1216.0,14.666666666666666,True,30.0,-420.0,0.0714,0.3333333333333333,,56553.99,,0.9851,0.0,1017400.5,69133.5,0,0.2917,0.0549,0.0,-544.5,6737.31,0.0,False,1618864.65,,3442.5,0.0,0.6666666666666666,-746.0,17.0,True,,,,0.0,,0.0,1216.0,0.3333333333333333,,827783.5833333334,-1186.0,0.0,7.16,202500.0,0.0,0.0,0.3333333333333333,,0.005324156108065345,3442.5,0.1000605951425623,,0.05003029757128115,810000.0,98356.995,68809.5,17.0,,-43.0,,0.6666666666666666,False,25.0,,0.0098,64754.585999999996,0.0,0.08,,,0.7959999999999999,,,0.0529,,-816.0,0.1000605951425623,0.0959,0.0,0.0,0.3333333333333333,,False,0.0,0.005324156108065345,,,-2434.0,6737.31,435436.5,484191.0,,0.0,,0.0,,0.0,-1665.6666666666667,,-2434.0,0.3333333333333333,0.0,0.0,68809.5,0.25,68809.5,0.0,,,,,0.07142857142857142,0.0,,2.0,1.0,0.0,,0.6666666666666666,0.3333333333333333,-1131.3333333333333,0.3333333333333333,0.0,68809.5,435436.5,68053.5,0,0.6666666666666666,0.0,0.3333333333333333,0.0,0.6666666666666666,0.0,0.0,0.0,0.6666666666666666,0.0,,0.0,0.3333333333333333,,1,270000.0,0.0
100004,,0.5559120833904428,0.05,0.7295666907060153,-225.0,0.0,4.0,6750.0,-19046,4.0,21288.465,0,26.0,135000.0,4860.0,135000.0,,False,,1.0,0.1,0.0,0.0,4.0,0.0,False,,0.0,0.0,-2531,5357.25,,False,0.0,10573.965,-2285.0,0.0,,0.0,,-408.0,-761.6666666666666,0.0,,0,,5357.25,3.0,1.207699194270367,,-867.0,23.0,,True,1.0,421362.0,-815.0,4860.0,0.0,0.5,189037.8,7096.155,0.0,,-25.5,,0.0,1.207699194270367,0.0,2,94537.8,1.0,-24.0,,,0.010032,94518.9,24282.0,-727.0,4.0,5357.25,,0.0,,,-815.0,0.0,0.75,,1.0,-408.0,-382.0,5.0,False,4.0,-382.0,,0.0,,5357.25,,,0.0,189037.8,94518.9,0,,,,-488.5,5357.25,0.0,True,21288.465,,4860.0,1.0,1.0,-815.0,5.0,False,,,,0.0,,0.0,,0.0,,421362.0,-4260.0,0.0,7.666666666666667,0.0,0.0,,1.0,,,4860.0,0.2120076030674443,,0.2120076030674443,,5357.25,24282.0,5.0,,,,0.0,False,3.0,,,7096.155,0.0,,,,,,,,,-532.0,0.2120076030674443,,0.0,0.0,0.0,,False,0.0,,,,-595.0,5357.25,24282.0,20106.0,,,,,,0.0,-867.0,,-595.0,0.0,0.0,0.0,24282.0,0.0,24282.0,0.2120076030674443,,,,,0.25,0.0,,2.0,1.0,0.0,,1.0,0.0,-488.5,0.0,0.0,24282.0,24282.0,20106.0,1,1.0,0.0,0.0,0.0,0.0,1.0,0.0,0.0,1.0,0.0,,0.0,0.0,,1,67500.0,0.0
100006,,0.6504416904014653,0.09494135424911851,,-3039.0,0.0,18.0,29686.5,-19005,23.0,1007153.415,1,,297000.0,66987.0,312682.5,0.0,False,0.0,1.0,0.2199,,0.0,21.0,,True,,0.0,0.1111111111111111,-2437,2482.92,,False,0.0,691786.89,-4346.0,0.2222222222222222,,,-181.0,,-271.625,,0.0,1,,21842.19,16.0,1.2500167954316426,0.0,,310.0,0.0,True,,,-617.0,66987.0,0.0,0.4317478592501979,,62947.0884375,0.0,,-9.619047619047619,,0.1111111111111111,1.2500167954316426,0.2222222222222222,2,,0.5555555555555556,-1.0,,,0.008019,,675000.0,-12.0,90.0,39954.51,0.0,0.1111111111111111,,48.0,-181.0,0.0,0.8571428571428571,0.0,0.8888888888888888,,,14.666666666666666,False,138.0,,,0.2222222222222222,0.0,23651.175,48.0,,,,,0,,,,,2482.92,0.0,True,1007153.415,0.0,34840.17,0.0,0.5555555555555556,-181.0,15.0,False,0.0,0.0,,0.0,0.0,,,0.0,688500.0,,-9833.0,,19.375,,0.0,,0.3333333333333333,,0.027040696983879776,34840.17,0.2178298883821148,0.0,0.1634121025409242,,39954.51,26912.34,15.0,,,0.0,0.0,False,16.0,270000.0,,62947.0884375,0.0,,0.0,15.0,,15.0,906615.0,,0.0,,0.2178298883821148,,0.4444444444444444,0.0,0.7777777777777778,,True,0.0,0.014848648848873951,0.0,0.0,,2482.92,352265.868,343728.9,0.0,,0.0,,0.0,,,270000.0,,0.7777777777777778,0.0,0.0,26912.34,,26912.34,0.1089943166997336,32696.1,688500.0,0.7594182756737976,688500.0,0.09523809523809523,0.047619047619047616,0.0,2.0,1.0,0.0,0.0,0.1111111111111111,0.0,,0.1111111111111111,,0.0,272203.26,0.0,0,0.2222222222222222,0.2222222222222222,0.1111111111111111,0.0,0.1111111111111111,0.1111111111111111,0.0,0.0,0.2222222222222222,0.3333333333333333,0.0,0.0,0.4444444444444444,6.0,0,135000.0,0.0
100007,,0.3227382869704046,0.04262280701754386,,-3038.0,0.9545454545454546,20.666666666666668,21865.5,-19932,20.666666666666668,806127.975,0,,513000.0,3676.5,513000.0,,False,,0.9545454545454546,0.17996296296296296,0.0,452.38431818181823,66.0,0.0,True,,0.0,0.0,-3458,0.18,,False,0.0,22678.785,-68128.0,0.5,,0.0,,-1149.0,-1032.2424242424242,0.0,,0,,12278.805,63.0,1.1751847290640394,,-1149.0,303.0,,True,1.0,,-1106.0,3676.5,0.0,0.23684210526315788,146250.0,12214.060227272726,0.16666666666666666,,-33.63636363636363,,0.0,1.1751847290640394,0.0,2,146250.0,1.0,-1.0,,,0.028663,146250.0,247500.0,-14.0,124.0,22678.785,,0.0,,,-374.0,29857.365,0.9393939393939394,,1.0,-1149.0,-783.0,12.333333333333334,True,124.0,-783.0,,0.0,,12278.805,,,0.0,146250.0,146250.0,0,,,,-783.0,1834.29,0.16666666666666666,True,835985.34,,3390.75,0.16666666666666666,0.3333333333333333,-374.0,15.0,False,,,,12.0,,0.0,,0.0,,,-4311.0,0.0,4.590909090909091,0.0,0.0,,0.3333333333333333,,0.016456382331132564,3390.75,0.2188898579894888,,0.15951640602517664,,22678.785,17176.5,15.0,,,,0.0,False,66.0,,,12666.444545454546,22655.655,,,,,,,,,-783.0,0.2188898579894888,,0.0,0.0,0.6666666666666666,,False,0.0,0.016456382331132564,,,-783.0,1834.29,150530.25,166638.75,,,,,,0.0,-1149.0,,-783.0,0.3333333333333333,0.16666666666666666,0.0,17176.5,0.0,17176.5,0.1001429540608645,,,,,0.045454545454545456,0.0,,2.0,1.0,0.043995390753393225,,0.5,0.0,-783.0,0.0,0.0,17176.5,150530.25,14616.0,0,0.3333333333333333,0.0,0.3333333333333333,0.0,0.3333333333333333,0.16666666666666666,0.0,0.0,0.3333333333333333,0.0,,0.0,0.5,,0,121500.0,0.0
100008,,0.3542247319929012,0.05610143212323049,0.6212263380626669,-1588.0,37.628571428571426,14.0,27517.5,-16941,14.0,957617.595,0,,454500.0,12145.5,490495.5,,False,,0.9714285714285714,0.27795454545454545,80019.0,342.46157142857146,83.0,0.0,True,-78.0,0.0,0.0,-477,227.16,471.0,True,0.0,432218.295,-43323.0,0.0,0.0,0.0,,-78.0,-1237.8,0.0,,1,471.0,15839.69625,34.0,1.1126252956414011,,-757.3333333333334,403.0,,True,0.6666666666666666,0.0,-2536.0,12145.5,0.0,0.20183671409829448,200839.5,27360.502714285714,0.0,0.0,-43.66265060240964,267606.0,0.0,1.1126252956414011,0.6,2,105705.0,0.8,-2.0,267606.0,-78.0,0.035792,156148.5,450000.0,-82.0,56.0,25309.575,,0.0,240057.0,,-370.0,11986.155,0.9397590361445783,,1.0,-1097.0,471.0,12.0,False,56.0,-792.0,,0.0,,15839.69625,,,240057.0,468445.5,100419.75,0,,,240057.0,-391.3333333333333,8019.09,0.0,False,969603.75,,5548.5,0.2,0.8,-82.0,13.0,True,,,,1317.0,,1.0,471.0,0.0,,346120.3333333333,-4970.0,,11.514285714285714,0.0,0.0,0.0,0.2,,0.010713048144511739,5548.5,0.1102430315913462,,0.0730507075001457,0.0,25309.575,44455.5,18.0,,-16.0,,0.2,False,35.0,,,27702.964285714286,11758.995,,,,,,,,,-611.0,0.1102430315913462,,0.2,0.0,0.4,,False,0.0,0.010713048144511739,,,-853.0,8019.09,194627.25,203459.625,,0.0,,240057.0,,0.0,-1097.0,,-853.0,0.2,0.0,0.0,44455.5,0.3333333333333333,44455.5,0.0,,,,,0.04819277108433735,0.0,,2.0,1.0,0.02747774077725288,,0.2,0.0,-822.5,0.0,0.0,0.0,155701.8,0.0,0,0.6,0.0,0.0,0.0,0.0,0.2,0.0,0.0,0.6,0.2,,0.0,0.2,,1,99000.0,0.0
100009,0.7747614130547695,0.7239998516953141,0.0264626846736711,0.4920600938649263,-3130.0,0.13725490196078433,8.0,41301.0,-13778,8.0,487995.12,1,17.0,1395000.0,22032.0,1560726.0,,True,,1.0,0.24152631578947367,76953.53571428571,0.0,64.0,0.0,True,-239.0,0.0,0.0,-619,6155.28,1402.0,True,0.14285714285714285,17341.605,-44085.0,0.2857142857142857,,0.0,,-239.0,-864.4117647058823,0.0,,0,596.5,10051.412142857142,51.0,1.1910669975186103,,-1271.5,445.0,,False,0.7777777777777778,343954.3736263736,-1562.0,22032.0,0.0,0.10956439503154301,3273250.5,9568.531764705882,0.0,0.0,-33.0625,1527561.0,0.0,1.1910669975186103,0.14285714285714285,2,1777500.0,1.0,-1.0,381890.25,-591.75,0.035792,266711.75,110160.0,-58.0,56.0,17341.605,,0.0,269337.375,,-74.0,0.0,0.890625,,1.0,-684.0,1402.0,13.714285714285714,False,56.0,1044.0,,0.0,,10051.412142857142,,,1077349.5,4800811.5,233803.60714285713,0,,,557959.5,-794.9375,7435.845,0.0,False,487995.12,,9203.142857142857,0.14285714285714285,1.0,-74.0,18.0,False,,,,7.0,,1.0,-209.0,0.0,,442630.02941176464,-1213.0,0.0,8.72549019607843,0.0,0.0,0.0,0.2857142857142857,,0.005246813716515097,9203.142857142857,0.2095245035525596,,0.1266023051333171,0.0,17341.605,40455.0,18.0,,-245.75,,0.14285714285714285,False,51.0,,,9568.531764705882,0.0,,,,,,,,,-851.6111111111111,0.2095245035525596,,0.0,0.0,0.0,225664.91666666666,True,0.0,0.005246813716515097,,,-2152.0,7435.845,76741.71428571429,70137.64285714286,,0.0,,1077349.5,,0.0,-1465.7142857142858,,-2152.0,0.0,0.0,0.0,40455.0,0.2222222222222222,40455.0,0.0,,,,,0.109375,0.0,,1.0,1.0,0.0,,0.42857142857142855,0.0,-993.7142857142857,0.0,0.0,40455.0,76741.71428571429,38574.0,1,1.0,0.0,0.2857142857142857,0.0,0.2857142857142857,0.0,0.0,0.0,1.0,0.0,,0.0,0.0,,1,171000.0,0.0
100010,,0.7142792864482229,0.0275,0.5406544504453575,-449.0,0.0,10.0,42075.0,-18850,10.0,274492.08,0,8.0,1530000.0,0.0,1530000.0,,True,,1.0,0.116875,174003.75,0.0,11.0,,True,-1138.0,0.0,0.0,-2379,27321.39,689.0,True,1.0,27463.41,-9159.0,0.0,,0.0,,-1138.0,-915.9,0.0,,1,689.0,27463.41,10.0,0.9478587942993202,,-1939.5,119.0,,False,0.5,,-1070.0,0.0,0.0,0.23529411764705882,315000.0,27449.208000000002,0.0,0.0,-30.0,675000.0,0.0,0.9478587942993202,0.0,3,315000.0,1.0,-25.0,675000.0,-1138.0,0.0031219999999999,495000.0,247212.0,-774.0,10.0,27463.41,,0.0,348007.5,,-1070.0,0.0,0.9090909090909091,,1.0,-2741.0,689.0,16.0,False,10.0,-928.0,,0.0,,27463.41,,,348007.5,990000.0,315000.0,0,,,348007.5,-119.5,27463.41,0.0,False,274492.08,,0.0,0.0,1.0,-1070.0,16.0,True,,,0.0,0.0,,0.0,689.0,1.0,,1284804.5,-4597.0,,11.9,0.0,0.0,0.0,0.0,0.7222222222222222,,0.0,0.0,,0.0,0.0,27463.41,247212.0,16.0,-90.0,-18.0,,0.0,False,10.0,,,27449.208000000002,0.0,,,,,,,,,-578.0,0.0,,0.0,0.0,0.0,,False,0.0,,,,-928.0,27463.41,247212.0,260811.0,,36.0,,348007.5,,0.0,-2741.0,,-928.0,0.0,0.0,0.0,247212.0,0.5,247212.0,0.0,,,,,0.09090909090909091,0.0,,1.0,1.0,0.0,,0.0,1.0,-928.0,1.0,36.0,247212.0,247212.0,260811.0,1,1.0,0.0,0.0,0.0,1.0,1.0,0.0,0.0,1.0,0.0,,0.0,0.0,,0,360000.0,0.0
100011,0.5873340468730377,0.2057472880073281,0.03317592020478418,0.7517237147741489,,7.946153846153846,14.0,33826.5,-20099,14.0,1472756.175,1,,913500.0,13594.5,1019610.0,0.21621621621621626,False,0.05405405405405406,0.9076923076923077,0.30068,0.0,2246.8219615384614,75.0,5073.615,True,,0.3466666666666667,0.25,-3514,449.685,,True,0.25,46485.0,-149620.0,0.25,,0.0,-1162.0,-1309.0,-1150.923076923077,0.0,54482.11114864865,1,,18303.195,118.0,1.0110452856712522,52402.08891891892,-1773.0,625.0,4.0,True,1.0,333418.00000000006,0.0,13594.5,0.0,0.11033630505781622,435228.3,11328.893653846155,0.25,,-46.4,,0.0,1.0110452856712522,0.0,2,145242.0,0.75,-10.0,,,0.018634,108807.075,675000.0,-37.0,42.0,31295.25,2432.4324324324325,0.0,,,-1189.0,292086.855,0.9733333333333334,0.0,0.75,-1309.0,-860.0,11.75,False,42.0,-860.0,,0.0,54433.17912162162,18303.195,0.0,,0.0,435228.3,108807.075,0,,,,-1293.25,9000.0,0.0,False,1764843.03,437837837.8378379,6797.25,0.0,0.5,-1162.0,17.0,False,334485.0,0.0,,958.0,180000.0,0.0,,0.0,0.0,333418.00000000006,-7427.0,5073.615,4.8076923076923075,0.0,9.0,,0.5,,0.31308805953302515,6797.25,0.10001044550926,4520.0675675675675,0.05000522275463,,31295.25,0.0,17.0,,,20139906.432849653,0.0,False,130.0,164189.1891891892,,13575.715615384615,30833.685,,3956.2218493150685,9.0,,9.0,0.0,,4.0,-1454.75,0.10001044550926,,0.5,0.25,0.75,,False,0.0,0.31308805953302515,4028055.255,55485.0,-2173.0,9000.0,270310.5,349120.5,25.767123287671232,,1881.0,,55858772.94057756,0.0,-1773.0,180000.0,-2173.0,0.75,0.0,0.25,0.0,0.0,135931.5,0.0,,0.0,,0.0,0.02666666666666667,0.0,9000.0,2.0,1.0,0.06384143752231977,189000.0,0.0,0.0,-1293.25,0.0,0.0,0.0,202732.875,0.0,0,0.25,0.25,0.0,0.0,0.0,0.25,0.0,0.0,0.25,0.25,4641320594.329114,0.0,0.25,74.0,0,112500.0,0.0
100012,,0.7466436294590924,0.05,,-2019.0,0.5625,18.0,20250.0,-14469,18.0,501661.71,0,,405000.0,0.0,405000.0,,False,,1.0496210794810412,0.15,,-866.7825000000001,46.0,,False,,0.0,0.0,-3992,5.85,,False,0.0,58687.245,-33135.0,0.75,,,,,-690.3125,,,0,,7894.155,50.38181181508998,0.8516920281626164,,,1242.0,,True,,,-1673.0,0.0,0.0,0.3333333333333333,,10451.285625,0.0,,-22.08695652173913,,0.0,0.8516920281626164,0.0,2,,0.75,-5.0,,,0.0196889999999999,,135000.0,-151.0,54.0,11188.035,,0.5,,,-507.0,-41605.560000000005,0.9347826086956522,,1.0,,,12.5,False,54.0,,,0.0,,7894.155,,,,,,0,,,,,3012.075,0.0,True,460056.15,,0.0,0.25,0.5,-107.0,15.0,False,,,,14.0,,,,0.0,,,-14437.0,,25.875,,0.0,,0.25,,0.0013207090945737785,0.0,0.0,,0.0,,11188.035,18720.0,15.0,,,,0.0,False,48.0,,,9584.503125000001,10174.05,,,,,,,,,,0.0,,0.25,0.0,0.75,,False,0.0,0.0013207090945737785,,,,3012.075,81240.0,98826.0,,,,,,,,,,0.75,0.0,0.0,18720.0,,18720.0,0.0,,,,,0.06521739130434782,0.0,,4.0,6.189100176063858,0.6224847927873632,,0.0,0.0,,0.0,,0.0,60930.0,0.0,0,0.25,0.0,0.0,0.0,0.25,0.25,0.0,0.0,0.25,0.25,,0.0,0.5,,0,135000.0,0.0
100014,0.3197601716755032,0.6518623334244781,0.0324551724137931,0.363945238612397,-679.0,1.0526315789473684,9.0,21177.0,-10197,9.0,166880.745,1,,652500.0,0.0,652500.0,,True,,0.7368421052631579,0.18824,151642.8,3043.0089473684216,16.0,3726.3524999999995,True,-376.0,0.0,0.0,-738,530.1,723.0,True,0.5,14045.625,-11105.0,0.0,6376.14,0.0,,-376.0,-584.4736842105264,0.0,,1,713.5,12806.55,14.0,1.0,,-1095.375,176.0,,False,0.75,454829.0666666666,-844.0,0.0,0.0,0.1724137931034483,1724182.425,8783.197105263158,0.0,0.0,-18.25,1005750.0,0.0,1.0,0.0,2,900000.0,1.0,-1.0,502875.0,-399.5,0.0228,341241.553125,119272.5,-36.0,18.0,14045.625,,0.0,379107.0,,-102.0,57817.170000000006,0.9375,,1.0,-435.0,723.0,13.5,True,18.0,45.0,,0.0,,12806.55,,,758214.0,2729932.425,287363.7375,0,,,420201.0,-387.375,11567.475,0.0,True,224697.915,,0.0,0.0,1.0,-102.0,14.0,False,,,,5.0,,0.0,704.0,0.0,,509508.8392857142,-4427.0,2401.45875,9.263157894736842,0.0,0.0,0.0,0.0,,0.004561650311803872,0.0,0.0,,0.0,0.0,14045.625,73800.0,14.0,,-29.5,,0.0,False,19.0,,,11826.20605263158,11037.375,,,,,,,,,-615.875,0.0,,0.0,0.5,0.0,1104.5,False,0.0,0.004561650311803872,,,-2004.0,11567.475,96536.25,102834.0,,0.0,,758214.0,,0.0,-1327.3333333333333,,-2004.0,0.0,0.0,0.0,73800.0,0.25,73800.0,0.0,,,,,0.0625,0.0,,1.0,1.0,0.1447083278191753,,0.5,0.0,-754.3333333333334,0.0,0.0,73800.0,96536.25,73800.0,0,1.0,0.0,0.0,0.0,0.0,0.5,0.0,0.0,1.0,0.0,,0.0,0.0,,0,112500.0,0.0
100015,0.7220444501416448,0.5551831615131809,0.07197452229299363,0.6528965519806539,,2.1,10.0,10678.5,-20417,10.0,76586.805,1,,135000.0,6885.0,148365.0,,False,,1.0,0.2779472895746926,0.0,0.0,11.0,,True,,1.1818181818181819,0.0,-2512,7584.525,,True,0.0,7666.92,-22379.0,0.0,,0.0,,-319.0,-2237.9,0.0,,0,,7666.92,10.0,1.0264323091372602,,-947.75,150.0,,True,1.0,207368.91666666663,-2396.0,6885.0,0.0,0.2589502578101304,409495.5,7658.6804999999995,0.0,,-74.0,,1.0,1.0264323091372602,0.0,2,131103.0,1.0,-69.0,,,0.015221,102373.875,68850.0,-2108.0,10.0,7666.92,,0.0,,,-2396.0,0.0,0.9090909090909091,,1.0,-319.0,-16.0,8.0,False,10.0,-16.0,,0.0,,7666.92,,,0.0,409495.5,102373.875,0,,,,-598.25,7666.92,0.0,False,76586.805,,6885.0,0.0,1.0,-2396.0,8.0,False,,,,21.0,,0.0,,1.0,,207368.91666666663,-5246.0,,15.0,0.0,13.0,,0.0,,,6885.0,0.1013816677360118,,0.1013816677360118,,7666.92,68850.0,8.0,,,,0.0,False,10.0,,,7658.6804999999995,0.0,,,,,,,,,-551.25,0.1013816677360118,,0.0,0.0,0.0,,False,0.0,,,,-1045.0,7666.92,68850.0,67077.0,,,,,,0.0,-947.75,,-1045.0,0.0,0.0,0.0,68850.0,0.0,68850.0,0.1013816677360118,,,,,0.09090909090909091,0.0,,1.0,1.0,0.0,,1.0,1.0,-598.25,1.0,0.0,68850.0,68850.0,67077.0,0,1.0,0.0,0.0,0.0,1.0,1.0,0.0,0.0,1.0,0.0,,0.0,0.0,,1,38419.155,0.0
100016,0.4648311169632833,0.7150418188660659,0.07273233166388425,0.1766525794312139,-2717.0,3.527027027027027,17.0,5881.5,-13439,17.0,620981.82,1,,67500.0,58050.0,80865.0,,False,,0.8378378378378378,0.08713333333333333,12744.9,2348.1827027027025,67.0,0.0,True,-128.0,0.0,0.0,-3227,3.96,845.0,True,0.0,102028.14,-96021.0,0.75,,0.0,,-128.0,-1297.581081081081,0.0,,1,381.75,8593.154999999999,62.0,1.25,,-618.4285714285714,363.0,,True,0.42857142857142855,362665.3333333334,-2370.0,58050.0,0.0,0.8347245409015025,138226.5,8391.646216216215,0.0,0.0,-48.25373134328358,336757.5,0.25,1.25,0.0,2,58495.5,1.0,-18.0,84189.375,-168.25,0.031329,67854.85714285714,290250.0,-539.0,68.0,14480.46,,0.0,31862.25,,-1049.0,173765.52,0.9552238805970149,,1.0,-528.0,845.0,13.0,False,68.0,-347.0,0.0612,0.0,,8593.154999999999,,0.9811,63724.5,474984.0,46075.5,0,0.1667,0.0778,63724.5,-217.14285714285714,6042.915,0.0,True,794747.34,,15690.375,0.0,1.0,-1049.0,14.0,False,,,,26.0,,0.0,223.0,0.0,,438111.95238095237,-311.0,0.0,4.905405405405405,0.0,0.0,0.0,0.75,,0.02153598346788975,15690.375,0.2178181818181818,,0.08168181818181817,0.0,14480.46,47115.0,14.0,,-15.0,,0.0,False,74.0,,0.0,10739.828918918918,14476.5,0.0,,,,,,,,-405.85714285714283,0.2178181818181818,0.0825,0.0,0.25,0.0,3946.9166666666665,False,0.25,0.02153598346788975,,,-1369.0,6042.915,120745.125,106221.375,,0.0,,63724.5,,0.0,-1218.6666666666667,,-1369.0,0.0,0.0,0.0,47115.0,0.5714285714285714,47115.0,0.0,,,,,0.04477611940298507,0.0,,2.0,1.0,0.13763688385660358,,0.25,0.0,-1015.6666666666666,0.75,0.0,47115.0,120745.125,42403.5,0,1.0,0.0,0.0,0.0,0.0,0.0,0.25,0.0,1.0,0.0,,0.0,0.0,,1,67500.0,0.0
100017,,0.5669066132460429,0.03153784345235762,0.7700870700124128,-3028.0,0.0,17.0,28966.5,-14086,17.0,405267.615,0,23.0,697500.0,22500.0,918468.0,,False,,1.0,0.12874,0.0,0.0,31.0,0.0,True,,0.0,0.0,-4911,11783.52,,True,0.0,16967.295,-28876.0,0.0,,0.0,,-909.0,-962.5333333333333,0.0,,1,,14375.4075,30.0,1.034828216158878,,-1944.3333333333333,326.0,,True,1.0,538712.6666666667,-4.0,22500.0,0.0,0.24497315094265668,859770.0,13508.9205,0.0,,-33.38709677419355,,0.0,1.034828216158878,0.5,2,315000.0,1.0,-1.0,,,0.016612,143295.0,195291.0,-21.0,34.0,16967.295,,0.0,,,-612.0,0.0,0.967741935483871,,1.0,-909.0,197.0,16.5,False,34.0,197.0,0.1417,0.0,,14375.4075,,0.9806,0.0,859770.0,143295.0,0,0.3333,0.1397,,-1512.3333333333333,11783.52,0.0,True,405267.615,,19152.0,0.0,1.0,-612.0,18.0,False,,,,0.0,,0.0,,0.5,,538712.6666666667,-643.0,0.0,10.866666666666667,0.0,0.0,,0.0,,0.0012774343756863217,19152.0,0.1109257205079249,,0.10652944600466036,,16967.295,158040.0,18.0,,,,0.5,True,30.0,,0.0,13508.9205,0.0,0.16,,,0.7348,,,0.0973,,-1594.3333333333333,0.1109257205079249,0.1474,0.0,0.0,0.0,,False,0.0,0.0012774343756863217,,,-2546.0,11783.52,176665.5,175565.25,,,,,,0.0,-1944.3333333333333,,-2546.0,0.0,0.0,0.0,158040.0,0.0,158040.0,0.1021331715013958,,,,,0.03225806451612903,0.0,,1.0,1.0,0.0,,0.5,0.5,-1512.3333333333333,0.5,0.0,158040.0,176665.5,152721.0,1,1.0,0.0,0.0,0.0,0.0,0.5,0.0,0.0,1.0,0.0,,0.0,0.0,,0,225000.0,0.0
100018,0.7219397686622343,0.6426562048311103,0.04236632563441886,,-203.0,0.0,10.0,32778.0,-14583,10.0,1178751.42,1,,679500.0,57181.5,773680.5,,False,,1.0,0.17342857142857143,,0.0,25.0,,True,,0.0,0.0,-2056,4109.265,,True,0.0,94906.035,-24101.0,0.25,,,,,-1004.2083333333334,,,1,,38669.70375,24.0,1.111119855886108,,,165.0,,True,,,-188.0,57181.5,0.0,0.24428688586567712,,49114.642499999994,0.0,,-33.88,,0.5,1.111119855886108,0.75,2,,1.0,-2.0,,,0.010006,,571774.5,-40.0,40.0,94906.035,,0.0,,,-188.0,0.0,0.92,,1.0,,,15.25,False,40.0,,0.3811,0.0,,38669.70375,,0.9985,,,,0,0.6667,0.3774,,,4180.365,0.0,True,1178751.42,,14295.375,0.5,1.0,-188.0,16.0,False,,,,0.0,,,,0.0,,,-615.0,,6.875,,0.0,,0.0,,0.010296503948823593,14295.375,0.1089168051708877,,0.027229201292721925,,94906.035,36805.365,16.0,,,,0.0,False,24.0,,0.1001,49114.642499999994,0.0,0.4,,,0.9796,,,0.1335,,,0.1089168051708877,0.3495,0.0,0.0,0.0,,False,0.0,0.010296503948823593,,,,4180.365,298363.46625,285989.59125,,,,,,,,,,0.0,0.0,0.0,36805.365,,36805.365,0.0,,,,,0.08,0.0,,2.0,1.0,0.0,,0.0,0.0,,0.0,,36805.365,298363.46625,36805.365,0,1.0,0.0,0.0,0.0,0.25,0.25,0.0,0.0,1.0,0.0,,0.0,0.0,,0,189000.0,0.0
100019,0.1156343372622997,0.34663398139668,0.06725111084424162,0.6785676886853644,-1157.0,0.0,12.0,20160.0,-8728,12.0,165093.03,0,17.0,247500.0,0.0,299772.0,,False,,1.4411129188890146,0.128,122735.07,-5546.16,8.0,0.0,True,-495.0,0.0,0.0,-1368,10518.615,10463.0,False,0.0,44369.28,-6616.0,0.0,0.0,0.0,,-495.0,-827.0,0.0,,0,5441.0,10518.615,11.528903351112117,0.8037226497012423,,-495.0,244.0,,True,0.0,,-925.0,0.0,0.0,0.5253993034706377,,20636.62875,0.0,135000.0,-27.5,720000.0,0.0,0.8037226497012423,0.0,3,,1.0,-24.0,360000.0,-495.0,0.020713,360000.0,84136.5,-716.0,12.0,10518.615,,0.0,122735.07,,-925.0,-44369.28,0.875,,1.0,,10463.0,10.0,False,12.0,,,0.0,,10518.615,,,245470.14,720000.0,,1,,,245470.14,5441.0,10518.615,0.0,True,120723.75,,0.0,0.0,1.0,-925.0,10.0,False,,,0.0,0.0,,0.0,419.0,0.0,,0.0,-3494.0,,30.5,135000.0,0.0,0.0,0.0,0.0,,0.0,0.0,,0.0,270000.0,10518.615,84136.5,10.0,,-26.5,,0.0,False,8.0,,,15090.46875,0.0,,,,,,,,,-26.5,0.0,,0.0,0.0,0.0,0.0,False,0.0,,,,419.0,10518.615,84136.5,104683.5,,34.0,,245470.14,,0.0,,,,0.0,0.0,0.0,84136.5,1.0,84136.5,0.0,,,,,0.125,0.0,,3.0,4.218167505893124,1.2709305719720059,,1.0,0.0,,0.0,,84136.5,84136.5,104683.5,1,1.0,0.0,0.0,0.0,1.0,1.0,0.0,0.0,1.0,0.0,,0.0,0.0,,0,157500.0,0.0
100020,,0.2363778398884225,0.05131352377588415,0.0621030378372968,-1317.0,0.0,7.0,26149.5,-12931,7.0,92780.46,0,,387000.0,0.0,509602.5,,False,,1.0,0.242125,30772.125,0.0,14.0,0.0,True,-90.0,0.0,0.0,-3866,5729.265,277.0,True,0.0,8779.77,-3155.0,0.5,0.0,0.0,,-90.0,-242.69230769230768,0.0,,1,142.5,7254.5175,13.0,0.9498091069932023,,-261.5,112.0,,True,0.5,20808.0,-3.0,0.0,0.0,0.21192988652920658,48285.0,7136.958461538462,0.0,0.0,-9.0,151200.0,0.0,0.9498091069932023,0.0,2,29160.0,1.0,-2.0,75600.0,-133.0,0.018634,49871.25,45900.0,-35.0,14.0,8779.77,,0.0,61544.25,,-243.0,0.0,0.9285714285714286,,1.0,-288.0,277.0,10.5,False,14.0,-104.0,,0.0,,7254.5175,,,123088.5,199485.0,24142.5,1,,,117243.0,-32.5,5729.265,0.0,True,92780.46,,0.0,0.0,1.0,-243.0,11.0,False,,,,0.0,,1.0,8.0,0.0,,30185.0,-6392.0,0.0,8.615384615384615,0.0,0.0,0.0,0.5,,0.00026843965684950977,0.0,0.0,,0.0,0.0,8779.77,32512.5,11.0,,-40.0,,0.0,True,13.0,,,7136.958461538462,0.0,,,,,,,,,-130.75,0.0,,0.0,0.0,0.0,3698.0,False,0.0,0.00026843965684950977,,,-311.0,5729.265,39206.25,41706.0,,0.0,,123088.5,,0.0,-390.0,,-311.0,0.0,0.0,0.0,32512.5,0.5,32512.5,0.0,,,,,0.07142857142857142,0.0,,1.0,1.0,0.0,,0.5,0.0,-207.5,1.0,0.0,32512.5,39206.25,35086.5,0,1.0,0.0,0.0,0.0,0.0,0.5,0.0,0.0,1.0,0.0,,0.0,0.0,,0,108000.0,0.0
100021,,0.6835133461914255,0.05,,-191.0,2.4347826086956523,7.0,13500.0,-9776,7.0,208357.515,1,,270000.0,9922.5,270000.0,0.0,False,0.0,1.0,0.16666666666666666,,0.0,27.0,,False,,0.0,0.0,-2427,2705.76,,True,0.0,52236.18,-23534.0,0.0,,,,,-1023.2173913043479,,0.0,0,,10686.164999999999,23.0,1.6613333333333333,0.0,,339.0,0.0,True,,,-2811.0,9922.5,0.0,0.3,,9059.022391304348,0.0,,-37.074074074074076,,0.0,1.6613333333333333,0.3333333333333333,2,,1.0,-2.0,,,0.010966,,99189.0,-66.0,42.0,33750.0,0.0,0.0,,,-261.0,0.0,0.8888888888888888,0.0,1.0,,,15.666666666666666,False,42.0,,,0.0,0.0,10686.164999999999,,,,,,1,,,,,2709.45,0.0,True,208357.515,0.0,3770.1,0.16666666666666666,0.8333333333333334,-261.0,19.0,False,0.0,0.0,,15.0,0.0,,,0.0,,,-4143.0,,14.73913043478261,,0.0,,0.16666666666666666,,0.28096454702877205,3770.1,0.4335385962352253,0.0,0.10660617766810361,,33750.0,22428.0,19.0,,,0.0,0.16666666666666666,False,23.0,675000.0,,9059.022391304348,0.0,,0.0,,,,,,0.0,,0.4335385962352253,,0.16666666666666666,0.3333333333333333,0.16666666666666666,,False,0.0,0.28096454702877205,0.0,0.0,,2709.45,40961.25,153615.75,0.0,,0.0,,0.0,,,675000.0,,0.16666666666666666,0.0,0.0,0.0,,22428.0,0.0,,,,,0.1111111111111111,0.0,0.0,2.0,1.0,0.0,0.0,0.5,0.0,,0.0,,0.0,40961.25,13500.0,0,0.8333333333333334,0.16666666666666666,0.3333333333333333,0.0,0.0,0.16666666666666666,0.0,0.0,0.8333333333333334,0.0,0.0,0.0,0.16666666666666666,17.0,0,81000.0,0.0
100022,,0.7064284028871654,0.05,0.5567274263630174,-7804.0,0.0,18.0,7875.0,-17718,18.0,47361.825000000004,1,,157500.0,0.0,157500.0,,False,,1.0,0.07,205276.5,0.0,7.0,0.0,False,-289.0,0.0,0.0,-1259,6765.975,1439.0,False,0.0,6765.975,-997.0,0.0,0.0,0.0,,-289.0,-142.42857142857142,0.0,,1,940.0,6765.975,7.0,0.8632597889596233,,-337.0,164.0,,True,0.0,,-239.0,0.0,0.0,0.7142857142857143,,6765.975,0.0,0.0,-5.0,1057500.0,0.0,0.8632597889596233,1.0,1,,1.0,-2.0,528750.0,-337.0,0.04622,528750.0,89091.0,-51.0,18.0,6765.975,,0.0,205276.5,,-239.0,0.0,1.0,,1.0,,1439.0,18.0,False,18.0,,0.0238,0.0,,6765.975,,0.9881,205276.5,1057500.0,,0,0.0833,0.029,205276.5,940.0,6765.975,0.0,True,47361.825000000004,,0.0,0.0,1.0,-239.0,18.0,False,,,,0.0,,0.0,441.0,0.0,,4608.0,-8751.0,,23.428571428571427,0.0,0.0,0.0,1.0,,,0.0,0.0,,0.0,0.0,6765.975,89091.0,18.0,,-28.0,,0.0,False,7.0,,0.0,6765.975,0.0,0.0,,,0.8368,,,0.0617,,-28.0,0.0,0.0278,0.0,0.0,0.0,4608.0,False,0.0,,,,441.0,6765.975,89091.0,103203.0,,0.0,,205276.5,,0.0,,,,0.0,0.0,0.0,89091.0,1.0,89091.0,0.0,,,,,0.0,0.0,,1.0,1.0,0.0,,0.0,0.0,,1.0,,89091.0,89091.0,103203.0,0,1.0,0.0,0.0,0.0,0.0,1.0,0.0,0.0,1.0,0.0,,0.0,0.0,,1,112500.0,0.0
100023,,0.5866171400119664,0.03225673151622341,0.4776491548517548,-2038.0,0.0,12.5,17563.5,-11348,12.5,493547.08499999996,1,,454500.0,9000.0,544491.0,0.0,True,0.0,1.0,0.19515,13703.85,0.0,29.0,2720.85,True,-157.0,0.0,0.0,-3964,7992.0,1669.0,False,0.0,231819.525,-42195.0,0.25,0.0,0.0,,-157.0,-1622.8846153846155,0.0,0.0,1,313.0,8895.8925,26.0,1.0264084507042253,0.0,-1164.3846153846155,407.0,0.0,False,0.6923076923076923,379643.00000000006,-1850.0,9000.0,0.0,0.16529198829732722,987976.845,18982.58019230769,0.25,0.0,-52.724137931034484,657715.5,0.0,1.0264084507042253,0.25,2,229591.845,1.0,-5.0,164428.875,-1141.25,0.015221,126591.71884615385,180000.0,-166.0,50.0,16822.44,0.0,0.25,28081.125,,-262.0,0.0,0.896551724137931,0.0,1.0,-508.0,1669.0,10.0,True,50.0,1318.0,,0.0,0.0,8895.8925,,,137038.5,1645692.345,109775.205,0,,,70443.0,-364.9166666666667,2250.0,0.5,False,493547.08499999996,0.0,8435.25,0.0,0.5,-262.0,11.0,True,0.0,0.0,,0.0,0.0,0.0,-1250.0,0.0,,462595.92307692306,-1021.0,4081.275,15.653846153846153,0.0,0.0,0.0,0.25,,0.015956410669610926,8435.25,0.101379530576401,0.0,0.09866945201849295,0.0,16822.44,45000.0,11.0,,-177.0,0.0,0.25,False,26.0,135000.0,,18982.58019230769,0.0,,0.0,,,,,,0.0,-634.0769230769231,0.101379530576401,,0.25,0.0,0.5,836971.5833333334,False,0.0,0.015956410669610926,0.0,0.0,-2228.0,2250.0,98746.875,113517.0,0.0,0.0,0.0,112324.5,0.0,0.0,-1174.6666666666667,225000.0,-2228.0,0.5,0.0,0.0,45000.0,0.3076923076923077,45000.0,0.0959593734605849,,,,,0.10344827586206896,0.0,0.0,2.0,1.0,0.0,0.0,0.25,0.0,-703.875,0.25,0.0,45000.0,98746.875,45000.0,0,0.5,0.25,0.0,0.0,0.0,0.0,0.0,0.0,0.5,0.0,0.0,0.0,0.25,8.0,1,90000.0,0.0
100024,0.5656548824667073,0.113374512719927,0.05,,-4286.0,,,21375.0,-18252,,,0,7.0,427500.0,,427500.0,,False,,,0.15833333333333333,,,,,False,,,,-1800,,,True,,,,,,,,,,,,0,,,,,,,,,True,,,-296.0,,0.0,0.3157894736842105,,,,,,,,,,2,,,,,,0.015221,,,,,,,,,,,,,,,,,,False,,,0.053,,,,,0.9781,,,,0,0.1667,0.0619,,,,,True,,,,,,,,False,,,,,,,,,,,-298.0,,,,,,,,,,,,,,,,,,,,,False,,,0.0,,,0.0,,,0.7008,,,0.0801,,,,0.0722,,,,,False,,,,,,,,,,,,,,,,,,,,,,,,,,,,,,,,,,,,,,,,,,,,1,,,,,,,,,,,,,,,0,135000.0,0.0
100025,0.4377090198475417,0.2337669575081463,0.03316473500395339,0.5424451438613613,-1652.0,1.565217391304348,13.714285714285714,37561.5,-14815,13.714285714285714,1442496.33,1,14.0,927000.0,23382.0,1132573.5,,False,,0.8043478260869565,0.1854888888888889,1886544.0,5010.742173913044,40.0,,True,-700.0,0.0,0.0,-2299,2.925,1124.0,True,0.0,376810.425,-59999.0,0.5,,0.0,,-700.0,-1304.3260869565217,0.0,,1,1124.0,27645.59571428571,37.0,1.5880195599022005,,-700.0,536.0,,True,0.0,,0.0,23382.0,0.0,0.17879634301879746,,31358.61586956522,0.0,0.0,-42.85,2452500.0,0.0,1.5880195599022005,0.125,2,,0.875,-22.0,2452500.0,-700.0,0.025164,2452500.0,900000.0,-697.0,96.0,55678.095,,0.25,1886544.0,,-7.0,230494.14,0.925,,1.0,,1124.0,14.375,False,96.0,,,0.125,,27645.59571428571,,,1886544.0,2452500.0,,0,,,1886544.0,1124.0,7159.545,0.0,False,1672990.47,,5845.5,0.0,0.5,-7.0,17.0,False,,,,14.0,,1.0,1124.0,0.125,,,-2299.0,,11.652173913043478,0.0,0.0,0.0,0.625,,0.07803005989059512,5845.5,0.4230649195302306,,0.10576622988255766,0.0,55678.095,58455.0,17.0,,-49.0,,0.0,False,46.0,,,36369.35804347826,23857.2,,,,,,,,,-49.0,0.4230649195302306,,0.125,0.0,0.625,,False,0.0,0.07803005989059512,,,1124.0,7159.545,296908.96499999997,337629.46499999997,,0.0,,1886544.0,,0.0,,,,0.625,0.125,0.0,58455.0,1.0,58455.0,0.0,,,,,0.075,0.0,,2.0,1.0,0.1500625708263953,,0.25,0.125,,0.25,,0.0,259795.344375,0.0,1,0.375,0.0,0.0,0.0,0.0,0.125,0.0,0.0,0.375,0.125,,0.0,0.5,,0,202500.0,0.0
100026,,0.457142971588935,0.06536722141823444,0.3589512285783967,-4306.0,0.0,21.0,32521.5,-11146,21.0,954356.7599999999,1,,450000.0,0.0,497520.0,,False,,1.0,0.07227,1738907.19,0.0,11.0,0.0,True,-148.0,0.0,0.0,-2518,23531.175,1581.0,True,0.0,770004.315,-8847.0,0.3333333333333333,0.0,0.0,,-148.0,-1105.875,0.3333333333333333,,1,899.0,33193.665,8.0,1.0,,-679.0,75.0,,True,0.3333333333333333,,-468.0,0.0,0.0,0.9044862518089725,1575000.0,119294.59499999999,0.0,0.0,-32.90909090909091,4050000.0,0.0,1.0,0.3333333333333333,3,1575000.0,0.6666666666666666,-12.0,2025000.0,-196.5,0.020713,1875000.0,675000.0,-425.0,42.0,42778.845,,0.3333333333333333,1738907.19,,-468.0,0.0,0.8181818181818182,,1.0,-1644.0,1581.0,8.333333333333334,False,42.0,,0.0696,0.0,,33193.665,,0.9786,3477814.38,5625000.0,1575000.0,0,0.1667,0.0873,2542576.5,899.0,23608.485,0.0,True,954356.7599999999,,0.0,0.0,0.6666666666666666,-152.0,12.0,False,,,,0.0,,0.0,217.0,0.0,,700771.0,-114.0,,9.375,0.0,0.0,0.0,0.0,,0.0043569998698820426,0.0,0.0,,0.0,0.0,42778.845,132345.0,12.0,,-15.0,,0.3333333333333333,False,8.0,,0.0044,119294.59499999999,0.0,0.0,,,0.7076,,,0.0795,,-314.6666666666667,0.0,0.0907,0.3333333333333333,0.3333333333333333,0.6666666666666666,4704.5,False,0.0,0.0043569998698820426,,,217.0,23608.485,403672.5,438421.5,,0.0,,3477814.38,,0.0,-1644.0,,,0.6666666666666666,0.0,0.0,132345.0,0.6666666666666666,132345.0,0.0,,,,,0.18181818181818182,0.0,,2.0,1.0,0.0,,0.0,0.0,,0.0,0.0,0.0,269115.0,0.0,0,0.3333333333333333,0.0,0.0,0.0,0.0,0.3333333333333333,0.0,0.0,0.3333333333333333,0.3333333333333333,,0.0,0.3333333333333333,,0,450000.0,0.0
100027,,0.6243047373592765,0.09943714821763602,0.6690566947824041,,0.0,11.0,23850.0,-24827,11.333333333333334,539424.36,1,,225000.0,0.0,239850.0,,False,,1.0,0.2864864864864865,125571.0,0.0,23.0,2565.0,True,-143.0,0.0,0.25,-3684,21553.74,944.0,True,0.0,28077.57,-9812.0,0.0,,0.0,-181.0,-143.0,-446.0,0.0,,0,944.0,24823.395,22.0,0.9478718406464343,,-793.0,210.0,,True,0.6666666666666666,1496450.0,-795.0,0.0,0.0,0.34709193245778613,197797.5,24519.28909090909,0.0,0.0,-15.0,427500.0,0.0,0.9478718406464343,0.25,3,157500.0,0.5,-4.0,427500.0,-143.0,0.006296,208432.5,226984.5,-116.0,22.0,28077.57,,0.0,376713.0,12.0,-471.0,0.0,0.9565217391304348,,0.75,-253.0,944.0,14.25,False,34.0,-130.0,0.1639999999999999,0.25,,24067.755,12.0,0.9876,376713.0,625297.5,98898.75,0,0.375,0.1484,376713.0,-278.3333333333333,21569.22,0.5,False,539424.36,,0.0,0.25,0.5,-181.0,16.0,False,,,,0.0,,0.0,944.0,0.0,225000.0,1065100.0,-9012.0,2565.0,9.545454545454545,0.0,0.0,0.0,0.25,,3.191890954456887e-05,0.0,0.0,,0.0,0.0,28077.57,202500.0,16.0,,-3.0,,0.0,False,22.0,,0.0007,24519.28909090909,0.0,0.14,,14.0,0.83,14.0,239850.0,0.0848,,-600.6666666666666,0.0,0.1443,0.25,0.25,0.75,,False,0.0,4.787836431685248e-05,,,-1649.0,21569.22,214742.25,227666.25,,0.0,,376713.0,,0.0,-1118.0,,-1649.0,0.5,0.0,0.0,202500.0,0.3333333333333333,202500.0,0.0,22556.475,225000.0,0.9380863039399625,225000.0,0.043478260869565216,0.0,,1.0,1.0,0.0,,0.5,0.0,-889.5,0.0,0.0,0.0,163621.125,0.0,0,0.25,0.0,0.0,0.25,0.25,0.25,0.0,0.0,0.25,0.25,,0.0,0.5,,1,83250.0,0.0
100029,,0.7861793090532118,0.05132727272727273,0.5656079814115492,-746.0,0.0,6.0,12703.5,-11286,6.0,135668.385,0,7.0,247500.0,0.0,247500.0,,False,,1.0,0.0941,1227429.0,0.0,6.0,,True,-110.0,0.0,0.0,-3729,22891.68,,True,0.0,66993.345,-1071.0,0.0,,0.5,,-110.0,-267.75,0.0,,1,,22891.68,4.0,1.0,,-1416.75,79.0,,True,0.75,682110.3333333333,-4.0,0.0,0.0,0.5454545454545454,3693033.0,33917.09625,0.0,,-8.5,3735000.0,1.0,1.0,0.0,2,3645000.0,1.0,-6.0,3735000.0,-110.0,0.026392,1857008.25,126000.0,-224.0,6.0,22891.68,,0.0,3682287.0,,-324.0,0.0,0.8333333333333334,,1.0,-1375.0,1563.0,18.0,False,6.0,1563.0,0.0967,0.0,,22891.68,,0.9861,3682287.0,7428033.0,1231011.0,0,0.1667,0.1217,3682287.0,-336.3333333333333,22891.68,0.0,True,135668.385,,0.0,0.0,1.0,-324.0,18.0,False,,,,0.0,,0.0,,0.0,,1213671.5833333333,-108.0,,19.75,0.0,0.0,0.0,0.0,,,0.0,0.0,,0.0,0.0,22891.68,126000.0,18.0,,-17.0,,0.0,True,4.0,,0.0043,33917.09625,0.0,0.0,,,0.8096,,,0.1455,,-1041.75,0.0,0.1433,0.0,0.0,0.0,,True,1.0,,,,-1286.0,22891.68,126000.0,126000.0,,0.0,,3682287.0,,0.0,-1852.3333333333333,,-1286.0,0.0,0.0,0.0,126000.0,0.25,126000.0,0.0,,,,,0.16666666666666666,0.0,,2.0,1.0,0.0,,1.0,0.0,-336.3333333333333,1.0,0.0,126000.0,126000.0,126000.0,1,1.0,0.0,0.0,0.0,1.0,1.0,1.0,0.0,1.0,0.0,,0.0,0.0,,0,135000.0,0.0
100030,0.5619484093041138,0.6514056365297631,0.04922,0.4614823912998385,-3494.0,0.0,5.0,11074.5,-19334,8.625,70923.87,1,,225000.0,1705.5,225000.0,,False,,1.0,0.12305,75273.75,0.0,14.0,0.0,True,-418.0,0.0,0.8333333333333334,-2893,9035.685,1409.0,True,0.0,17846.145,-4384.0,0.16666666666666666,0.0,0.0,-840.0,-418.0,-730.6666666666666,0.0,,1,1409.0,6704.37,6.0,1.1111111111111112,,-930.8333333333334,131.0,,True,0.6666666666666666,227076.33333333334,0.0,6714.0,0.0,0.4,89930.97,11820.644999999999,0.0,12828.015,-55.214285714285715,553500.0,0.4166666666666667,1.2005795235028975,0.4166666666666667,2,49455.0,0.16666666666666666,-7.0,276750.0,-735.5,0.028663,107238.495,47241.0,-233.0,10.0,9035.685,,0.0,225821.25,9.833333333333334,-378.0,0.0,0.8571428571428571,,0.16666666666666666,-462.0,1409.0,12.5,False,69.0,238.0,0.0533,0.0,,4731.04125,59.0,0.9781,451642.5,643430.97,22482.7425,0,0.1667,0.067,432301.5,-61.6,2826.45,0.0,True,70923.87,,852.75,0.5,1.0,-378.0,13.0,False,,,,0.0,,0.0,1409.0,0.08333333333333333,33767.1225,199461.36666666667,-2419.0,0.0,21.833333333333332,4276.005,0.0,0.0,0.4166666666666667,,0.0054797978626877734,1262.625,0.2109194751250825,,0.044803895654362935,25656.03,9035.685,17055.0,16.0,,-14.0,,0.5,False,6.0,,0.0,11820.644999999999,0.0,0.0,,12.5,0.7008,7.0,21969.225,0.0147,,-411.1666666666667,0.1089090909090909,0.0722,0.3333333333333333,0.0,0.3333333333333333,201612.5,True,0.0,0.012998811658479128,,,-1173.0,4373.055,32148.0,32541.75,,0.0,,451642.5,,0.0,-1028.5,,-1173.0,0.0,0.0,0.0,17055.0,0.3333333333333333,17055.0,0.0,4073.265,21969.225,1.2005795235028975,43870.5,0.14285714285714285,0.0,,2.0,1.0,0.0,,0.08333333333333333,0.4166666666666667,-429.25,0.5,0.0,17055.0,33497.268749999996,15349.5,0,1.0,0.0,0.08333333333333333,0.0,0.0,0.08333333333333333,0.0,0.0,0.6666666666666666,0.3333333333333333,,0.0,0.0,,1,90000.0,0.0
100031,,0.5484771599678789,0.02762930717801778,0.190705947811054,-2628.0,,,27076.5,-18724,,,1,,702000.0,,979992.0,,False,,,0.24068,562500.0,,,,True,-75.0,,,-1827,,1021.0,False,,,,,,0.0,,-75.0,,0.0,,1,1021.0,,,,,-579.5714285714286,,,True,0.5714285714285714,265689.5833333333,-161.0,,0.0,0.11479685548453457,3219372.0,,,,,751279.5,,,,3,1350000.0,,,250426.5,-332.0,0.018029,567235.9285714285,,,,,,,,,,,,,,-203.0,1021.0,,False,,960.0,0.0085,,,,,0.9732,1125000.0,3970651.5,804843.0,0,0.0417,0.0094,,468.6,,,True,,,,,,,,False,,,,,,2.0,1021.0,,,229213.9523809524,-6573.0,,,,,0.0,,,,,,,,0.0,,,,,-31.0,,,False,,,0.0,,,0.0,,,,,,0.0089,,-266.2857142857143,,0.0165,,,,128217.0,True,,,,,-269.0,,,,,0.0,,0.0,,0.0,-765.25,,-269.0,,,,,0.42857142857142855,,,,,,,,,,,,,,,,330.5,,0.0,,,,0,,,,,,,,,,,,,,,0,112500.0,1.0
100032,,0.5411237022695412,0.0728616248348745,0.6594055320683344,-1234.0,1.2857142857142858,6.0,23827.5,-15948,6.0,47463.03,0,,270000.0,27000.0,327024.0,,False,,0.8571428571428571,0.2118,0.0,1130.3292857142858,7.0,0.0,True,-556.0,0.0,0.0,-3153,4.275,-191.0,True,0.0,7910.145,-9983.0,0.0,0.0,0.0,,-556.0,-1426.142857142857,0.0,,1,-191.0,7910.145,6.0,1.6389776357827477,,-1071.0,330.0,,True,0.75,63802.33333333333,-2.0,27000.0,0.0,0.34401144870101275,1061910.0,6780.432857142857,0.0,0.0,-46.0,209250.0,0.0,1.6389776357827477,0.0,2,454500.0,1.0,-43.0,209250.0,-556.0,0.019101,317790.0,69255.0,-1307.0,6.0,7910.145,,0.0,0.0,,-1497.0,7912.305000000001,0.8571428571428571,,1.0,-951.0,-191.0,10.0,False,6.0,-586.0,,0.0,,7910.145,,,0.0,1271160.0,353970.0,0,,,0.0,-525.25,7910.145,0.0,True,55375.33500000001,,27000.0,0.0,1.0,-1497.0,10.0,False,,,0.0,9.0,,0.0,-191.0,0.0,,160412.66666666666,-5782.0,0.0,47.142857142857146,0.0,0.0,0.0,0.0,0.0,,27000.0,0.4245968456494773,,0.4245968456494773,0.0,7910.145,69255.0,10.0,-45.0,-54.0,,0.0,False,7.0,,,7910.762142857144,7908.030000000001,,,,,,,,,-436.75,0.4245968456494773,,0.0,0.0,0.0,,False,0.0,,,,-662.0,7910.145,69255.0,42255.0,,19.0,,0.0,,0.0,-1242.6666666666667,,-662.0,0.0,0.0,0.0,69255.0,0.25,69255.0,0.4245968456494773,,,,,0.14285714285714285,0.0,,1.0,1.0,0.14267714093914144,,1.0,0.0,-636.6666666666666,0.0,57.0,69255.0,69255.0,42255.0,0,1.0,0.0,1.0,0.0,0.0,1.0,0.0,0.0,1.0,0.0,,0.0,0.0,,0,112500.0,0.0
100033,0.6003959050009468,0.6850109901296888,0.0729316035051781,0.524496446363472,-1796.0,23.322580645161292,12.0,57676.5,-9994,12.0,69411.645,0,1.0,675000.0,5364.0,790830.0,,True,,0.7741935483870968,0.21361666666666668,0.0,1251.6270967741937,13.0,,True,-195.0,0.23076923076923078,0.0,-2661,1.08,913.0,False,0.0,5542.92,-19167.0,0.0,,0.0,,-195.0,-618.2903225806451,0.0,,0,913.0,5542.92,24.0,1.0050628638933423,,-195.0,196.0,,False,0.0,,-849.0,5364.0,0.0,0.3414134516899966,,2239.0853225806454,0.0,0.0,-22.0,675000.0,0.0,1.0050628638933423,0.0,1,,1.0,-16.0,675000.0,-195.0,0.04622,675000.0,53599.5,-495.0,12.0,5542.92,,0.0,0.0,,-849.0,38800.44,0.9230769230769231,,1.0,,913.0,14.0,False,12.0,,,0.0,,5542.92,,,0.0,675000.0,,0,,,0.0,913.0,5542.92,0.0,False,108212.085,,5364.0,1.0,1.0,-849.0,14.0,True,,,0.0,129.0,,0.0,913.0,0.0,,,-4668.0,,6.32258064516129,0.0,2.0,0.0,1.0,0.0,,5364.0,0.0995320373868253,,0.0995320373868253,0.0,5542.92,53599.5,14.0,,-169.0,,0.0,False,31.0,,,3490.712419354839,5541.84,,,,,,,,,-169.0,0.0995320373868253,,0.0,0.0,0.0,,False,0.0,,,,913.0,5542.92,53599.5,53329.5,,7.0,,0.0,,0.0,,,,0.0,0.0,0.0,53599.5,1.0,53599.5,0.0995320373868253,,,,,0.07692307692307693,0.0,,13.0,1.0,0.14181003363991604,,1.0,0.0,,0.0,,53599.5,53599.5,53329.5,1,1.0,0.0,0.0,0.0,0.0,1.0,0.0,0.0,1.0,0.0,,0.0,0.0,,0,270000.0,0.0
100034,0.2979135090150507,0.5027790378786304,0.05,,-1010.0,0.0,6.0,9000.0,-10341,6.0,311355.765,0,,180000.0,12145.5,180000.0,,True,,1.222992987875212,0.1,,-5850.0,11.0,,False,,0.0,0.0,-3015,13888.98,,False,0.0,61969.77,-4152.0,0.5,,,,,-415.2,,,0,,21855.78,12.229929878752118,1.055368733870337,,,190.0,,False,,,-599.0,12145.5,0.0,0.5,,31135.576500000003,0.5,,-13.181818181818182,,0.0,1.055368733870337,0.0,2,,1.0,-6.0,,,0.030755,,121455.0,-189.0,12.0,22430.43,,0.0,,,-288.0,-58500.0,0.8181818181818182,,1.0,,,15.0,False,12.0,,0.1227,0.0,,21855.78,,0.9831,,,,0,0.3333,0.1412,,,21281.13,0.0,True,252855.76499999998,,12145.5,0.0,0.5,-288.0,19.0,False,,,,0.0,,,,0.0,,,-4799.0,,19.0,,0.0,,0.5,,0.019218051694890017,12145.5,0.1039669070716359,,0.1039669070716359,,22430.43,94500.0,19.0,,,,0.0,False,10.0,,0.0061,25285.5765,0.0,0.16,,,0.7688,,,0.0838,,,0.1039669070716359,0.1505,0.0,0.5,0.5,,True,0.0,0.019218051694890017,,,,21281.13,107977.5,112527.0,,,,,,,,,,0.5,0.5,0.0,94500.0,,94500.0,0.1039669070716359,,,,,0.18181818181818182,0.0,,4.0,2.6080641343032656,0.27503650419292147,,0.5,0.0,,0.0,,94500.0,107977.5,109971.0,0,0.5,0.0,0.0,0.0,0.0,0.5,0.0,0.0,0.5,0.0,,0.0,0.0,,0,90000.0,0.0
100035,,0.479987342189869,0.03693166459425853,0.4101025731788671,-2668.0,0.7746478873239436,14.75,24592.5,-15280,22.6,1979849.025,1,,477000.0,9360.0,665892.0,,False,,0.9154929577464789,0.08407692307692308,410874.3,1761.3430985915493,74.0,13760.06625,True,-184.0,0.0,0.36363636363636365,-3787,2.475,9980.0,False,0.045454545454545456,536809.95,-86365.0,0.22727272727272727,2808.0,0.0,-119.0,-184.0,-1216.4084507042253,0.0,,1,2593.0,16788.74625,65.0,1.0869565217391304,,-1399.3333333333333,413.0,,True,0.4444444444444444,58126.25000000001,-1634.0,9360.0,0.0,0.43926042060874737,326716.92,27885.197535211268,0.045454545454545456,0.0,-40.445945945945944,3218368.5,0.045454545454545456,1.0869565217391304,0.045454545454545456,2,135000.0,0.36363636363636365,-20.0,643673.7,-521.8,0.025164,393898.38,540000.0,-651.0,118.0,37279.665,,0.09090909090909091,684790.5,54.0,-723.0,125055.36,0.8918918918918919,,0.6363636363636364,-2159.0,9980.0,12.227272727272727,False,226.0,-1860.0,0.0117,0.045454545454545456,,18985.752,108.0,0.9697,2054371.5,3545085.42,81679.23,0,0.0417,0.0149,1309194.0,487.0,5413.365,0.0,False,2104904.3850000002,,4684.5,0.045454545454545456,0.6818181818181818,-119.0,15.0,False,,,,9.0,,0.0,-152.0,0.0,241875.0,1151070.25,-5266.0,17410.755,5.816901408450704,0.0,0.0,0.0,0.3181818181818182,,0.009732508340853019,4684.5,0.1013853818441465,,0.06283755152380639,0.0,37279.665,25087.5,15.0,,-33.2,,0.0,False,71.0,,0.0,29646.54063380282,22855.275,0.0,,12.375,,11.0,0.0,,,-915.3333333333334,0.1013853818441465,0.0124,0.5454545454545454,0.0,0.8636363636363636,92738.70000000001,True,0.045454545454545456,0.01164822537272458,,,-2539.0,5413.365,186752.8125,203042.8125,,0.0,,2054371.5,,0.0,-2496.25,,-2539.0,0.8636363636363636,0.0,0.045454545454545456,25087.5,0.5555555555555556,25087.5,0.0,27773.775,0.0,1.0,1260000.0,0.0945945945945946,0.0,,2.0,1.0,0.07407840460876769,,0.13636363636363635,0.0,-2145.5,0.045454545454545456,0.0,0.0,155864.6590909091,0.0,0,0.13636363636363635,0.0,0.045454545454545456,0.36363636363636365,0.045454545454545456,0.045454545454545456,0.045454545454545456,0.0,0.13636363636363635,0.5454545454545454,,0.0,0.2727272727272727,,0,292500.0,0.0
100036,0.2744223724911185,0.6273004007953609,0.04888744375703037,,-1104.0,0.0,6.0,25033.5,-11144,15.6,78613.605,1,,360000.0,0.0,512064.0,0.0,False,0.0,1.0,0.22252,8339.355,0.0,12.0,,True,-889.0,0.0,0.375,-2904,6548.04,-462.0,False,0.25,6551.415,-2622.0,0.0,,0.0,-185.0,-889.0,-218.5,0.0,0.0,1,-462.0,4400.7075,12.0,1.0,0.0,-889.0,222.0,0.0,True,0.0,,-397.0,0.0,0.0,0.21969910011248595,,6551.13375,0.125,,-7.5,94959.0,0.0,1.0,0.125,2,,0.25,-2.0,94959.0,-889.0,0.008575,94959.0,58797.0,-39.0,12.0,6551.415,0.0,0.0,8339.355,22.0,-397.0,0.0,1.0,0.0,0.625,,-462.0,13.625,False,78.0,,0.3388,0.0,0.0,8613.954,66.0,0.9901,8339.355,94959.0,,0,0.375,0.2574,8339.355,-462.0,2250.0,0.0,True,78613.605,0.0,0.0,0.0,0.875,-39.0,18.0,False,0.0,0.0,,0.0,0.0,2.0,-462.0,0.0,203103.0,,-7846.0,,18.5,,0.0,0.0,0.0,,0.0030660177683934295,0.0,0.0,0.0,0.0,0.0,13290.3,45000.0,18.0,,-519.0,0.0,0.0,False,12.0,78750.0,,6551.13375,0.0,0.28,0.0,14.0,,14.0,197752.5,0.3751,0.0,-519.0,0.0,0.3670000000000001,0.5,0.0,0.5,,False,0.0,0.004562816003280242,0.0,0.0,-462.0,2250.0,51898.5,55003.5,0.0,0.0,0.0,8339.355,0.0,0.0,,90000.0,,0.375,0.0,0.0,45000.0,1.0,45000.0,0.0,11422.784999999998,197752.5,1.0,213804.0,0.0,0.0,0.0,1.0,1.0,0.0,0.0,0.125,0.0,,0.0,,0.0,89138.25,0.0,0,0.5,0.125,0.0,0.375,0.375,0.25,0.0,0.0,0.5,0.375,0.0,0.0,0.0,12.0,0,112500.0,0.0
100037,,0.5594667916353414,0.10498824167872649,0.7981372313187245,-4404.0,0.0,10.0,20893.5,-12974,10.8,422786.52,1,,180000.0,8824.5,199008.0,,False,,1.0,0.23215,0.0,0.0,26.0,0.0,True,-1467.0,0.0,0.4,-4464,5305.995,,False,0.0,35172.135,-27443.0,0.4,,0.0,-539.0,-1247.0,-1247.409090909091,0.0,,1,,16238.355000000001,22.0,1.0187650010909883,,-1812.875,403.0,,True,0.875,293343.2380952381,-2766.0,8824.5,0.0,0.45224312590448623,484132.5,19217.56909090909,0.0,,-43.5,108000.0,0.0,1.0187650010909883,0.2,2,90000.0,0.6,-7.0,108000.0,-1467.0,0.010032,74016.5625,157500.0,-235.0,30.0,25595.82,,0.2,0.0,12.0,-539.0,0.0,0.8846153846153846,,0.6,-1247.0,-1063.0,7.4,False,54.0,-1063.0,0.0684,0.0,,17011.764,24.0,0.9801,0.0,592132.5,69161.78571428571,0,0.1667,0.0602,0.0,-1696.4285714285713,5305.995,0.0,True,422786.52,,5379.75,0.2,0.8,-539.0,11.0,False,,,0.0,0.0,,0.0,,0.0,153877.5,270968.41071428574,-7123.0,0.0,18.318181818181817,0.0,0.0,0.0,0.0,0.9266105917891632,0.008373563249697225,2689.875,0.0627374206194487,,0.0267398105587595,0.0,25595.82,38385.0,11.0,-90.0,-994.0,,0.6,False,22.0,,0.0436,19217.56909090909,0.0,0.0,,7.0,,7.0,167080.5,,,-1544.625,0.0627374206194487,0.0928,0.0,0.6,0.2,,False,0.0,0.00970047408110633,,,-2608.0,5305.995,114319.5,115861.5,,49.0,,0.0,,0.0,-1862.2857142857142,,-2608.0,0.0,0.0,0.0,38385.0,0.125,38385.0,0.0442218216155893,18171.8775,153877.5,0.9209782111018342,153877.5,0.11538461538461539,0.0,,2.0,1.0,0.0,,0.4,0.0,-1696.4285714285713,0.2,372.0,38385.0,130142.7,45720.0,0,0.8,0.0,0.6,0.4,0.4,0.2,0.0,0.0,0.8,0.0,,0.0,0.2,,0,90000.0,0.0
100039,,0.3217448956617718,0.05327720469565964,0.4118485559242397,-2060.0,0.0,18.0,39069.0,-11694,18.0,2305501.785,0,3.0,679500.0,4.095,733315.5,,False,,1.5058552417186943,0.108525,348392.5714285714,-28104.15642857143,22.0,,True,-90.0,0.0,0.0,-3557,4450.68,1379.0,True,0.0,920794.5,-26170.0,0.5,,0.0,,-90.0,-1246.1904761904761,0.0,,0,1132.3333333333333,20679.495,31.622960076092582,0.9529520999652898,,-641.4444444444445,381.0,,True,0.5555555555555556,172119.3,-697.0,4.095,0.0,0.4909210292159378,527346.0,109785.7992857143,0.25,0.0,-43.72727272727273,3016746.0,0.0,0.9529520999652898,0.25,2,420867.0,0.75,-14.0,1005582.0,-210.0,0.015221,498788.0,1350000.0,-468.0,54.0,52513.515,,0.0,812916.0,,-695.0,-590187.285,0.9090909090909091,,1.0,-465.0,1379.0,14.0,False,54.0,1256.0,,0.0,,20679.495,,,2438748.0,4489092.0,105469.2,1,,,1830429.0,126.625,4450.68,0.0,False,1715314.5,,2.0475,0.0,0.75,-91.0,16.0,False,,,,0.0,,1.0,641.0,0.0,,219728.77777777778,-3557.0,,18.142857142857142,0.0,0.0,0.0,0.5,,0.000678435396831126,2.0475,0.0001719743544967,,8.598717724835e-05,0.0,52513.515,20961.0,16.0,,-23.0,,0.25,True,21.0,,,81681.64285714286,0.0,,,,,,,,,-372.1111111111111,0.0001719743544967,,0.25,0.0,0.5,42841.0,False,0.0,0.000678435396831126,,,-1406.0,4450.68,465223.365,511714.5,,0.0,,2438748.0,,0.2222222222222222,-787.4,,-1406.0,0.5,0.0,0.25,20961.0,0.3333333333333333,20961.0,0.0,,,,,0.09090909090909091,0.0,,8.0,4.856806766114642,1.3481741324767564,,0.0,0.0,-351.0,0.0,0.0,0.0,348917.52375,0.0,1,0.5,0.0,0.25,0.0,0.25,0.25,0.0,0.0,0.5,0.25,,0.25,0.0,,0,360000.0,0.0
100040,,0.1724975081477771,0.02924,,-4585.0,1.0857142857142856,24.0,32895.0,-15997,24.0,498400.875,1,,1125000.0,0.0,1125000.0,,True,,0.7714285714285715,0.24366666666666667,,3934.902857142858,35.0,,True,,0.0,0.0,-4067,2.52,,True,0.0,73324.26,-40739.0,0.0,,,,,-1163.9714285714285,,,1,,18984.24,27.0,1.0,,,295.0,,False,,,-3019.0,0.0,0.0,0.12,,14240.025,0.0,,-48.82857142857143,,1.0,1.0,1.0,2,,1.0,-13.0,,,0.0196889999999999,,367200.0,-417.0,24.0,18984.24,,0.0,,,-1038.0,137721.60000000003,0.9142857142857143,,1.0,,,14.0,True,24.0,,0.0532,0.0,,18984.24,,0.9762,,,,0,0.1667,0.0637,,,18984.24,0.0,False,636122.4750000001,,0.0,0.0,1.0,-1038.0,14.0,True,,,,10.0,,,,0.0,,,-5735.0,,8.428571428571429,,0.0,,1.0,,,0.0,0.0,,0.0,,18984.24,367200.0,14.0,,,,1.0,False,35.0,,0.0,18174.92785714286,18981.72,0.0,,,0.6736,,,0.0804,,,0.0,0.0825,0.0,0.0,0.0,,False,1.0,,,,,18984.24,367200.0,367200.0,,,,,,,,,,0.0,0.0,0.0,367200.0,,367200.0,0.0,,,,,0.08571428571428572,0.0,,2.0,1.0,0.11720941161206654,,0.0,0.0,,1.0,,367200.0,367200.0,367200.0,0,1.0,0.0,0.0,0.0,0.0,0.0,1.0,0.0,1.0,0.0,,0.0,0.0,,0,135000.0,0.0
100041,,0.6631580756296298,0.09891,0.6785676886853644,-1275.0,5.1,9.0,44509.5,-12158,9.0,107185.815,1,,450000.0,0.0,450000.0,,True,,0.9,0.39564,0.0,730.20825,21.0,769.365,True,-448.0,0.0,0.0,-2009,130.365,-53.0,True,0.0,7297.515,-34454.0,1.0,0.0,0.0,,-66.0,-1722.7,0.0,,1,-53.0,5283.0,18.0,0.9527493782812931,,-1292.5384615384614,798.0,,False,0.9230769230769231,875135.537878788,-1285.0,0.0,0.0,0.25,715434.48,5359.29075,0.0,0.0,-56.666666666666664,106870.68,0.0,0.9527493782812931,0.0,2,180000.0,1.0,-36.0,106870.68,-448.0,0.008575,63254.24307692308,58486.5,-1101.0,18.0,7297.515,,0.0,0.0,,-1508.0,14604.165,0.9047619047619048,,1.0,-66.0,117.0,13.0,False,18.0,117.0,0.0749,0.0,,5283.0,,0.9861,0.0,822305.16,59619.54,0,0.1667,0.0582,0.0,-969.1538461538462,3268.485,0.0,True,121789.98,,0.0,0.5,1.0,-1508.0,14.0,False,,,,46.0,,0.0,-53.0,0.0,,866597.7692307691,-6265.0,854.8499999999999,39.9,0.0,0.0,0.0,0.0,,0.0009180694077473377,0.0,0.0,,0.0,0.0,7297.515,15516.0,14.0,,-439.0,,0.5,False,20.0,,,6089.499,7176.285,0.0,,,0.8096,,,0.0792,,-992.8461538461538,0.0,0.0948,0.0,0.0,0.0,,False,0.0,0.0009180694077473377,,,-2678.0,3268.485,37001.25,40281.75,,0.0,,0.0,,0.0,-1362.9166666666667,,-2678.0,0.0,0.0,0.0,15516.0,0.07692307692307693,15516.0,0.0,,,,,0.09523809523809523,0.0,,1.0,1.0,0.08102722332232704,,0.0,0.0,-1045.5,0.0,0.0,15516.0,37001.25,16285.5,0,1.0,0.0,0.5,0.0,1.0,0.5,0.0,0.0,1.0,0.0,,0.0,0.0,,1,112500.0,0.0
100043,0.8427634659543568,0.6816988025574287,0.03611658934750111,0.7544061731797895,-768.0,0.22077922077922077,29.0,23157.0,-17199,31.555555555555557,1251128.07,1,,553500.0,4500.0,641173.5,3.1136363636363633,False,0.36363636363636365,0.961038961038961,0.11695454545454545,0.0,687.5251948051948,37.0,0.0,True,,0.0,0.5555555555555556,-735,1.125,,True,0.0,316290.69,-68849.0,0.0,,0.0,-23.0,-1169.0,-894.1428571428571,0.0,208572.6,1,,15749.76375,74.0,1.0730193008503173,203647.54772727273,-1904.0,1630.0,2.0,True,1.0,1080450.0,-2411.0,315000.0,0.0,0.3088087701690728,333720.0,16248.416493506495,0.0,,-37.972972972972975,,0.5555555555555556,1.1373976342129208,0.6666666666666666,2,306000.0,0.4444444444444444,-1.0,,,0.01885,166860.0,675000.0,-13.0,116.0,25972.965,14904.972272727273,0.0,,33.6,-33.0,52939.44,0.9459459459459459,424364.085,0.4444444444444444,-1169.0,-414.0,13.222222222222221,False,284.0,-414.0,,0.1111111111111111,208397.4490909091,41918.495,168.0,,0.0,333720.0,166860.0,0,,,,-1433.5,5287.815,0.1111111111111111,False,1304067.51,5540934565.281618,4500.0,0.3333333333333333,0.6666666666666666,-23.0,15.0,False,443580.435,0.0,0.0,8.0,67500.0,1.0,,0.5555555555555556,1485000.0,1080450.0,-63.0,0.0,21.16883116883117,0.0,0.0,,0.1111111111111111,0.0,0.12300627605681834,105750.0,0.2018330076150684,13441.831363636364,0.08886348815081319,,83916.0,35775.0,15.0,-86.0,,93210687.38983499,0.1111111111111111,False,77.0,287045.45454545453,,16935.94168831169,18360.0,,11279.115,13.6,,13.0,1236375.0,,10.0,-1320.0,0.1295149136747423,,0.1111111111111111,0.0,0.3333333333333333,,False,0.0,0.2470513762653115,6877115.82,316515.69,-2453.0,5287.815,250818.75,383815.125,13.870967741935484,,430.0,,3018064297.335249,0.0,-1904.0,427500.0,-2453.0,0.5555555555555556,0.0,0.0,0.0,0.0,35775.0,0.1295149136747423,62853.48,1125000.0,1.1373976342129208,1575000.0,0.05405405405405406,0.0,21475.62,3.0,1.0,0.03706762480097453,435861.585,0.2222222222222222,0.0,-1433.5,0.5555555555555556,4.0,0.0,936475.0,33340.5,0,0.6666666666666666,0.1111111111111111,0.0,0.2222222222222222,0.2222222222222222,0.1111111111111111,0.0,0.0,0.6666666666666666,0.0,37870443818.808655,0.0,0.3333333333333333,33.0,1,198000.0,0.0
100044,0.8045861213121414,0.7197985370372056,0.03333663366336634,0.722392890081304,-1288.0,0.4225352112676056,24.0,15151.5,-21077,24.0,1916203.995,0,,454500.0,5085.0,454500.0,,False,,0.9577464788732394,0.1247037037037037,127529.40000000001,814.1919718309861,73.0,6677.6335714285715,True,-83.0,0.1506849315068493,0.0,-4270,10.62,1178.0,True,0.0,535731.885,-121860.0,0.25,8460.48375,0.0,,-83.0,-1716.338028169014,0.0,,1,744.0,18290.50875,68.0,1.0553843280097133,,-1552.090909090909,1248.0,,True,0.45454545454545453,253545.5,-1541.0,5085.0,0.0,0.26732673267326734,744834.96,26988.788661971834,0.0,111034.815,-56.02739726027397,1584859.5,0.25,1.0553843280097133,0.25,2,360000.0,1.0,-7.0,264143.25,-962.1666666666666,0.030755,211790.40545454546,652500.0,-210.0,96.0,29545.2,,0.0,191294.1,,-384.0,57807.63000000001,0.9452054794520548,,1.0,-1634.0,1178.0,14.25,False,96.0,-1486.0,,0.0,,18290.50875,,,1147764.6,2329694.46,148966.992,0,,,648292.5,-407.8181818181818,8565.705,0.0,True,1974011.625,,1695.0,0.0,0.25,-384.0,17.0,False,,,,21.0,,0.0,416.0,0.0,,808091.490909091,-5474.0,4300.5,17.577464788732396,74023.21,11.0,0.0,0.75,,0.005540704821137312,1695.0,0.1039682966353574,,0.03465609887845247,666208.89,29545.2,50850.0,17.0,,-270.3333333333333,,0.0,True,71.0,,,27802.980633802817,22951.710000000003,,,,,,,,,-876.1818181818181,0.1039682966353574,,0.0,0.0,0.75,494598.5666666666,False,0.0,0.005540704821137312,,,-2433.0,8565.705,288337.5,299743.875,,0.0,,1147764.6,,0.0,-2260.0,,-2433.0,0.75,0.25,0.0,50850.0,0.5454545454545454,50850.0,0.0,,,,,0.0547945205479452,0.0,,2.0,1.0,0.03382758984341156,,0.5,0.0,-1790.0,0.25,0.0,50850.0,288337.5,48181.5,0,0.25,0.0,0.0,0.0,0.0,0.25,0.0,0.0,0.25,0.0,,0.0,0.75,,1,121500.0,0.0
100045,,0.6507647995068742,0.07011828935395814,0.7517237147741489,,0.234375,18.0,17338.5,-23920,18.0,2049033.96,1,,225000.0,4500.0,247275.0,,False,,0.953125,0.17513636363636365,29783.820000000003,422.4192187500001,65.0,0.0,True,-337.0,0.015384615384615385,0.0,-4969,804.015,-3.0,True,0.0,540713.61,-79188.0,0.5,0.0,0.0,,-337.0,-1237.3125,0.0,,1,-3.0,18560.14875,61.0,1.0957553237101616,,-554.0,342.0,,True,0.6666666666666666,9940.5,0.0,4500.0,0.0,0.40036396724294815,341221.5,32016.155625,0.0,0.0,-41.89230769230769,96832.89,0.0,1.0957553237101616,0.5,2,281205.0,1.0,-9.0,96832.89,-337.0,0.006207,146018.13,1170000.0,-291.0,72.0,50575.23,,0.0,89351.46,,-1017.0,27034.830000000005,0.9384615384615385,,1.0,-592.0,-3.0,14.0,False,72.0,-274.0,0.0786,0.25,,18560.14875,,0.9851,89351.46,438054.39,170610.75,0,0.3333,0.0922,89351.46,-204.66666666666666,6319.35,0.0,False,2076068.79,,1500.0,0.5,0.75,-1017.0,15.0,False,,,,3.0,,0.0,-3.0,0.0,,40287.0,-9817.0,0.0,5.34375,0.0,1.0,0.0,0.25,,0.009816491427213124,1500.0,0.1361874339240852,,0.045395811308028396,0.0,50575.23,34501.5,15.0,,-217.0,,0.0,False,64.0,,,32438.57484375,8207.595000000001,0.04,,,,,,,,-359.6666666666667,0.1361874339240852,,0.0,0.0,0.25,,False,0.0,0.009816491427213124,,,-337.0,6319.35,339485.625,368978.625,,0.0,,89351.46,,0.0,-662.5,,-337.0,0.25,0.0,0.0,34501.5,0.3333333333333333,34501.5,0.0,,,,,0.06153846153846154,0.0,,3.0,1.0,0.03502309828379057,,0.0,0.0,-305.5,0.0,0.0,34501.5,339485.625,31486.5,0,0.75,0.0,0.0,0.0,0.75,0.25,0.0,0.0,0.75,0.0,,0.0,0.25,,1,99000.0,0.0
100046,,0.7380532835697358,0.05,0.6058362647264226,-1761.0,0.0,18.0,27000.0,-16126,21.0,482640.795,0,3.0,540000.0,,540000.0,,True,,1.0,0.15,0.0,0.0,17.0,,False,-427.0,0.0,0.5,-4292,28390.635,915.0,True,0.0,28390.635,-4582.0,0.0,,0.0,-449.0,-427.0,-269.52941176470586,0.0,,0,915.0,28390.635,17.0,0.8273853519697287,,-1493.25,9.0,,False,0.75,605276.3333333334,-540.0,,0.0,0.3333333333333333,12254760.0,28390.635,1.0,0.0,-9.0,382500.0,0.0,0.8273853519697287,1.0,2,7957530.0,0.5,-1.0,382500.0,-427.0,0.025164,3159315.0,337500.0,-29.0,18.0,28390.635,,0.0,0.0,24.0,-539.0,0.0,1.0,,0.5,-1100.0,915.0,14.0,False,42.0,-369.0,0.0734,0.0,,28721.925,24.0,0.9831,0.0,12637260.0,4084920.0,0,0.1667,0.0771,0.0,-247.75,28390.635,0.0,True,482640.795,,,0.0,0.0,-449.0,13.0,False,,,,0.0,,0.0,915.0,0.0,450000.0,908801.5833333334,-8236.0,,0.5294117647058824,0.0,0.0,0.0,0.5,,0.00015539809095938163,,,,,0.0,29053.215,337500.0,15.0,,-9.0,,0.0,False,17.0,,0.0227,28390.635,0.0,0.0,,15.0,0.7688,15.0,555723.0,0.0994,,-647.75,,0.0814,0.0,0.0,1.0,,True,0.0,,,,-826.0,28390.635,337500.0,407911.5,,0.0,,0.0,,0.5,-1848.6666666666667,,-826.0,1.0,0.0,1.0,337500.0,0.25,337500.0,,29053.215,450000.0,0.8097559395598166,450000.0,0.0,0.0,,1.0,1.0,0.0,,0.0,0.0,-635.3333333333334,0.0,0.0,337500.0,393750.0,407911.5,1,0.0,0.0,0.0,0.0,0.0,0.5,0.0,0.0,0.0,0.0,,0.0,0.0,,0,180000.0,0.0
100047,,0.306840586048305,0.029347006484693107,0.3201633668633456,-1262.0,0.0,17.5,35028.0,-17482,23.666666666666668,268547.58,0,,855000.0,3820.5,1193580.0,0.0,False,0.0,1.0,0.17297777777777779,805114.125,0.0,22.0,6759.3375,True,-420.0,0.0,0.3333333333333333,-1029,4577.94,4284.0,True,0.0,122628.285,-37762.0,0.3333333333333333,13518.675,0.2,-1075.0,-420.0,-1888.1,0.0,0.0,1,2179.0,14350.39875,20.0,1.1111111111111112,0.0,-1104.8,82.0,0.0,True,0.4,669324.5,-1075.0,3820.5,0.0,0.1696576685266174,2154834.0,13427.379,0.3333333333333333,0.0,-62.0,7372800.0,0.0,1.1111111111111112,0.5,2,1479834.0,0.6666666666666666,-38.0,2457600.0,-857.0,0.025164,1905526.8,450000.0,-1172.0,70.0,22500.0,0.0,0.3333333333333333,1610228.25,36.0,-1072.0,0.0,0.9090909090909091,0.0,0.6666666666666666,-898.0,4284.0,12.833333333333334,False,142.0,928.0,0.1463,0.0,0.0,16749.915,72.0,0.996,3220456.5,9527634.0,1077417.0,0,0.25,0.1267,2528203.5,1301.0,4586.895,0.0,False,268547.58,0.0,3820.5,0.16666666666666666,0.16666666666666666,-1072.0,15.0,False,0.0,0.0,,0.0,0.0,0.0,116.0,0.0,405000.0,361218.69999999995,-1182.0,0.0,4.1,0.0,0.0,0.0,0.16666666666666666,,0.16788736144719502,3820.5,0.1089090909090909,0.0,0.1089090909090909,0.0,31674.87,38205.0,15.0,,-394.6666666666667,0.0,0.16666666666666666,False,20.0,326250.0,0.0078,13427.379,0.0,0.16,0.0,12.5,0.9456,11.0,196528.5,0.125,0.0,-444.6,0.1089090909090909,0.1309,0.16666666666666666,0.0,0.8333333333333334,157507.0,True,0.0,0.271604938271605,0.0,0.0,-960.0,4586.895,161426.25,272971.125,0.0,0.0,0.0,3220456.5,0.0,0.0,-1476.5,450000.0,-960.0,0.8333333333333334,0.0,0.3333333333333333,0.0,0.6,38205.0,0.1089090909090909,21548.9475,135000.0,0.9066511931529702,675000.0,0.09090909090909091,0.0,0.0,2.0,1.0,0.0,0.0,0.0,0.0,-16.0,0.0,0.0,0.0,242617.5,34384.5,0,0.16666666666666666,0.16666666666666666,0.16666666666666666,0.0,0.5,0.16666666666666666,0.0,0.0,0.16666666666666666,0.0,0.0,0.0,0.5,36.0,0,202500.0,1.0
100048,,0.0373152355612163,0.048325586938386365,,-475.0,0.08955223880597014,12.0,29196.0,-16971,12.0,1898737.2449999999,1,,540000.0,,604152.0,0.2645161290322581,False,0.25806451612903225,1.0,0.14417777777777777,0.0,0.0,16.0,0.0,True,,0.0,0.0,-513,77.445,,True,0.0,548005.995,-30140.0,0.0,,0.0,,-75.0,-449.85074626865674,1.0,59810.55677419355,1,,38522.265,67.0,1.0,58239.953709677415,-75.0,288.0,1.0,True,1.0,,-458.0,,0.0,0.33518055058991775,22905.0,28339.36186567164,0.25,,-8.125,,0.0,1.0,0.25,2,22905.0,0.75,-1.0,,,0.009175,22905.0,814500.0,-10.0,36.0,57466.53,16009.548387096775,0.0,,,-314.0,0.0,0.9375,469296.0,1.0,-75.0,-66.0,10.75,False,36.0,-66.0,,0.25,60184.853709677416,38522.265,,,0.0,22905.0,22905.0,0,,,,-66.0,11250.0,0.0,True,1898737.2449999999,1833394237.2725801,,0.0,0.25,-314.0,12.0,False,586414.89,0.0,0.0,6.0,27000.0,0.0,,0.0,,,-3148.0,0.0,4.298507462686567,0.0,0.0,,0.25,0.0,0.007502956022284863,,,18916.60935483871,,,57466.53,225000.0,12.0,-2.0,,14067901.93214871,0.0,False,67.0,225000.0,,28339.36186567164,0.0,,3876.323275862069,,,,,,2.0,-61.0,,,0.5,0.0,1.0,,False,0.0,0.007502956022284863,1865730.4649999999,213750.0,-66.0,11250.0,526500.0,576925.5,12.344827586206897,,358.0,,2072461272.0655522,0.0,-75.0,225000.0,-66.0,1.0,0.0,0.0,225000.0,0.0,225000.0,,,,,,0.0625,0.0,10682.28,3.0,1.0,0.0,212013.0,0.25,0.0,-66.0,0.0,3.0,0.0,394875.0,0.0,0,0.0,0.25,0.0,0.0,0.0,0.25,0.0,0.0,0.0,0.25,5067690155.579052,0.0,0.5,31.0,1,202500.0,0.0
100049,0.4682080567974757,0.6742032101473874,0.056282518615446926,0.3996756156233169,-3597.0,0.1896551724137931,8.0,16258.5,-13384,8.0,277419.15,1,,238500.0,9000.0,288873.0,12.743589743589745,False,1.9230769230769231,0.9482758620689655,0.12043333333333334,92073.75,279.473275862069,44.0,0.0,True,-27.0,0.0,0.0,-4409,12.105,967.0,False,0.0,7801.155,-50138.0,0.6,0.0,0.0,,-27.0,-864.448275862069,0.0,48183.29653846154,1,330.0,5747.8589999999995,55.0,1.1851082764758232,46942.65346153846,-819.1428571428571,363.0,7.0,True,0.2857142857142857,952200.0,-1480.0,9000.0,0.0,0.46733339564445275,174056.85,4783.088793103449,0.0,2204.80875,-37.93181818181818,677691.0,0.0,1.1851082764758232,0.0,3,141480.0,1.0,-2.0,135538.2,-551.2,0.007305,121678.26428571428,67500.0,-29.0,40.0,7801.155,11049.05076923077,0.0,110488.5,,-416.0,16209.45,0.9090909090909091,17637.66,1.0,-799.0,967.0,10.6,False,40.0,-554.0,,0.0,47632.565769230765,5747.8589999999995,,,552442.5,851747.85,87028.425,0,,,383112.0,-117.16666666666667,4500.0,0.4,True,293628.6,519485073.98364514,4377.0,0.4,0.6,-416.0,14.0,False,5857.424999999999,0.0,,7.0,126000.0,0.0,-505.0,0.0,,462802.4761904762,-45.0,0.0,6.258620689655173,1763.8470000000002,0.0,0.0,0.2,,0.20947585287590498,4377.0,0.2491628709885401,450.5711538461538,0.11639047300249705,8819.235,7801.155,33250.5,14.0,,-120.2,5633511.473829809,0.0,False,58.0,100384.61538461539,,5062.562068965517,4560.66,,1703.1738461538464,,,,,,12.0,-374.2857142857143,0.2491628709885401,,0.2,0.0,0.4,142057.7,False,0.0,0.20947585287590498,619223.355,4500.0,-1469.0,4500.0,35602.2,55715.4,1.1538461538461537,0.0,15.0,552442.5,1507287.2088548075,0.0,-1489.0,135000.0,-1469.0,0.4,0.0,0.0,0.0,0.7142857142857143,33250.5,0.0,,,,,0.09090909090909091,0.0,5962.275,2.0,1.0,0.031962787280714444,133348.95,0.2,0.0,-1011.5,0.0,0.0,0.0,35602.2,30339.0,0,0.6,0.2,0.4,0.0,0.2,0.2,0.0,0.0,0.6,0.0,2998101235.8194313,0.0,0.4,13.0,1,135000.0,1.0
100050,,0.7661378050275851,0.05757959479015919,0.6848276586890367,,0.0,12.0,42970.5,-23548,12.0,164519.145,1,,675000.0,0.0,746280.0,0.0,True,0.0,1.0,0.397875,0.0,0.0,16.0,,True,,0.0,0.0,-4576,6919.605,,False,0.3333333333333333,60725.07,-3933.0,0.0,,0.0,,-694.0,-245.8125,0.0,0.0,1,,7959.8025,16.0,1.0,0.0,-2025.0,189.0,0.0,False,1.0,1328803.0,-491.0,0.0,0.0,0.1447178002894356,742741.38,10282.4465625,0.0,,-8.5,,0.0,1.0,0.0,2,450000.0,0.6666666666666666,-1.0,,,0.010966,247580.46,180000.0,-37.0,24.0,9000.0,0.0,0.0,,,-231.0,0.0,1.0,0.0,1.0,-694.0,189.0,9.333333333333334,False,24.0,189.0,0.1903,0.0,0.0,7959.8025,,0.9851,0.0,742741.38,247580.46,0,0.3333,0.2113,,-1470.3333333333333,6919.605,0.0,False,164519.145,0.0,0.0,0.0,0.6666666666666666,-231.0,10.0,False,0.0,0.0,0.0,0.0,0.0,0.0,,0.0,,1328803.0,-5745.0,,11.8125,0.0,0.0,,0.6666666666666666,0.36459859957661617,0.0,0.0,0.0,0.0,0.0,,9000.0,153598.5,10.0,-88.0,,0.0,0.0,False,16.0,180000.0,0.0051,10282.4465625,0.0,0.24,0.0,,0.7959999999999999,,,0.1232,0.0,-1107.3333333333333,0.0,0.2186,0.6666666666666666,0.0,0.6666666666666666,,False,0.0,0.0,0.0,0.0,-2305.0,6919.605,166799.25,166799.25,0.0,,0.0,,0.0,0.0,-2025.0,180000.0,-2305.0,0.6666666666666666,0.0,0.0,153598.5,0.0,153598.5,0.0,,,,,0.0,0.0,0.0,2.0,1.0,0.0,0.0,0.0,0.0,-1470.3333333333333,0.0,201.0,0.0,111199.5,0.0,0,0.3333333333333333,0.6666666666666666,0.0,0.0,0.0,0.3333333333333333,0.0,0.0,0.3333333333333333,0.3333333333333333,0.0,0.0,0.3333333333333333,7.0,0,108000.0,0.0
100051,,0.6315186311742824,0.07296405862151042,,-758.0,0.0,24.0,48280.5,-9827,24.0,123968.88,0,,598500.0,0.0,661702.5,,False,,1.0,0.23842222222222223,,0.0,18.0,,True,,0.0,0.3333333333333333,-2380,6887.16,,False,0.3333333333333333,6887.16,-4978.0,0.0,,,-349.0,,-276.55555555555554,,,1,,6887.16,18.0,0.8984109135027964,,,118.0,,True,,,-556.0,0.0,0.0,0.3060287667040702,,6887.16,0.0,,-9.5,,0.0,0.8984109135027964,0.0,2,,0.3333333333333333,-1.0,,,0.007114,,136620.0,-15.0,24.0,6887.16,,0.0,,,-556.0,0.0,1.0,,0.6666666666666666,,,15.0,False,24.0,,,0.0,,6887.16,0.0,,,,,0,,,,,6887.16,0.0,True,123968.88,,0.0,0.0,1.0,-36.0,12.0,False,,,,0.0,,,,0.0,0.0,,-4166.0,,6.555555555555555,,0.0,,0.0,,,0.0,0.0,,0.0,,6887.16,136620.0,18.0,,,,0.0,False,18.0,,,6887.16,0.0,,,18.0,,18.0,0.0,,,,0.0,,0.6666666666666666,0.3333333333333333,0.6666666666666666,,True,0.0,,,,,6887.16,136620.0,152068.5,,,,,,,,,,0.6666666666666666,0.0,0.0,136620.0,,136620.0,0.0,,0.0,,,0.0,0.0,,1.0,1.0,0.0,,0.0,0.0,,0.0,,0.0,45540.0,0.0,0,0.3333333333333333,0.0,0.3333333333333333,0.0,0.0,0.3333333333333333,0.0,0.0,0.3333333333333333,0.6666666666666666,,0.0,0.0,,0,202500.0,0.0
100052,,0.535542260363498,0.05,,-895.0,0.0,6.0,9000.0,-7974,6.0,62647.604999999996,1,,180000.0,0.0,180000.0,,False,,1.0,0.1,,0.0,11.0,,False,,0.0,0.0,-642,4364.595,,False,0.0,17806.725,-2817.0,1.0,,,,,-313.0,,,0,,5334.75,9.0,0.9497562009751961,,,78.0,,True,,,-462.0,0.0,1.0,0.5,,6960.844999999999,0.0,,-10.454545454545455,,0.0,0.9497562009751961,0.0,2,,1.0,-6.0,,,0.009334,,27175.5,-192.0,12.0,6304.905,,0.0,,,-298.0,0.0,0.8181818181818182,,1.0,,,9.0,False,12.0,,,0.0,,5334.75,,,,,,0,,,,,4364.595,0.0,True,62647.604999999996,,0.0,1.0,1.0,-298.0,9.0,False,,,,0.0,,,,0.0,,,-6591.0,,8.666666666666666,,0.0,,0.0,,0.0020156567770789704,0.0,0.0,,0.0,,6304.905,20160.0,9.0,,,,0.0,False,9.0,,,6960.844999999999,0.0,,,,,,,,,,0.0,,0.0,0.5,0.0,,False,0.0,0.0020156567770789704,,,,4364.595,23667.75,25944.75,,,,,,,,,,0.0,0.0,0.0,20160.0,,20160.0,0.0,,,,,0.18181818181818182,0.0,,2.0,1.0,0.0,,0.0,0.0,,0.0,,20160.0,23667.75,21226.5,0,1.0,0.0,0.0,0.0,0.5,0.5,0.0,0.0,1.0,0.0,,0.0,0.0,,0,90000.0,0.0
100053,,0.2476647173356162,0.057823580580005016,0.475849908720221,,0.047619047619047616,18.0,17649.0,-20373,12.0,304142.53500000003,1,,252000.0,,305221.5,,False,,1.0,0.08715555555555556,0.0,0.0,23.0,,True,-2338.0,0.0,0.2,-1993,9636.705,-1958.0,False,0.0,99488.34,-6859.0,0.4,,0.0,-350.0,-1764.0,-326.6190476190476,0.0,,1,-1958.0,10178.5275,21.0,0.9380863039399625,,-2337.875,150.0,,True,0.875,245068.80952380947,-649.0,,0.0,0.663452607368747,626688.0,14482.977857142858,0.2,,-10.956521739130435,48820.5,0.0,0.9380863039399625,0.0,2,225000.0,0.4,-1.0,48820.5,-2338.0,0.0196889999999999,84438.5625,90000.0,-21.0,36.0,10720.35,,0.2,,0.0,-350.0,0.0,0.9565217391304348,,0.8,-1764.0,-648.0,9.0,False,36.0,-648.0,,0.0,,16535.685,0.0,,0.0,675508.5,89526.85714285714,0,,,,-1664.2857142857142,9636.705,0.0,False,304142.53500000003,,,0.0,0.4,-24.0,9.0,False,,,,1.0,,2.0,-1958.0,0.0,0.0,210058.9821428571,-7760.0,,7.142857142857143,0.0,0.0,0.0,0.2,,0.24409587155544205,,,,,0.0,29250.0,90000.0,10.0,,-1945.0,,0.0,False,21.0,,,14482.977857142858,0.0,,,9.0,,9.0,585000.0,,,-1093.75,,,0.6,0.0,1.0,,False,0.0,0.020037585395455547,,,-2534.0,9636.705,90000.0,108954.0,,0.0,,0.0,,0.0,-2337.8571428571427,,-2534.0,1.0,0.2,0.0,90000.0,0.125,90000.0,,29250.0,0.0,0.0,,0.043478260869565216,0.0,,2.0,1.0,0.0,,0.0,0.0,-1615.3333333333333,0.0,0.0,0.0,36000.0,0.0,0,0.0,0.6,0.0,0.2,0.0,0.2,0.0,0.0,0.0,0.4,,0.0,0.4,,0,202500.0,0.0
100054,,0.0892406534424171,0.10296961325966851,0.7281412993111438,-5332.0,0.2553191489361702,11.5,26838.0,-20121,11.6,381876.255,1,,225000.0,10296.0,260640.0,,False,,0.9574468085106383,0.2710909090909091,0.0,280.12212765957446,49.0,0.0,True,-1138.0,0.0,0.2,-3283,4.41,-772.0,True,0.0,10349.91,-27303.0,0.0,0.0,0.0,-1138.0,-1138.0,-580.9148936170212,0.0,,1,-772.0,8604.6525,45.0,1.11113809685724,,-1310.5,348.0,,True,0.5,,-1247.0,10296.0,0.0,0.3798342541436464,48600.0,8125.0267021276595,0.0,0.0,-18.897959183673468,56092.5,0.0,1.11113809685724,1.0,2,48600.0,0.8,-1.0,56092.5,-1138.0,0.022625,52346.25,102937.5,-28.0,46.0,10349.91,,0.0,0.0,12.0,-287.0,13165.74,0.9387755102040817,,0.8,-1483.0,-772.0,13.6,False,58.0,-1115.0,,0.0,,7943.8679999999995,12.0,,0.0,104692.5,48600.0,0,,,0.0,-943.5,5300.73,0.0,True,395041.995,,4509.0,0.0,1.0,-287.0,15.0,False,,,0.0,9.0,,0.0,-772.0,0.0,62325.0,59512.5,-9197.0,,7.404255319148936,0.0,0.0,0.0,0.8,0.5862068965517241,0.003704303532597114,4853.7,0.1089328961748633,,0.06535021559860901,0.0,10349.91,62325.0,15.0,-48.0,-42.0,,0.0,False,47.0,,,8405.148829787235,6578.46,,,14.0,,14.0,56092.5,,,-578.0,0.1089328961748633,,0.0,1.0,0.0,,True,0.0,0.004116225991585035,,,-1115.0,6582.87,91918.125,87409.125,,29.0,,0.0,,0.0,-1483.0,,-1115.0,0.0,0.0,0.0,77400.0,0.5,77400.0,0.0,5300.73,62325.0,1.1111111111111112,62325.0,0.061224489795918366,0.0,,1.0,1.0,0.04156575214836313,,0.0,0.0,-1115.0,1.0,29.0,62325.0,85999.5,56092.5,0,1.0,0.0,0.0,0.0,0.0,0.2,0.0,0.0,1.0,0.0,,0.0,0.0,,1,99000.0,0.0
100055,0.7104273289168539,0.5891866296961207,0.027596666666666665,0.4668640059537032,-4411.0,0.0,9.0,37255.5,-19727,9.0,173616.21,1,,1350000.0,10935.0,1350000.0,,False,,1.0,0.28548275862068967,248887.61099999998,0.0,15.0,0.0,True,-161.0,0.0,0.0,-3199,11111.265,746.0,True,0.0,39848.4,-7521.0,0.0,0.0,0.0,,-161.0,-578.5384615384615,0.0,,1,504.6666666666667,9036.787499999999,13.0,1.005006206040546,,-876.8571428571429,143.0,,True,0.42857142857142855,535180.3333333333,-784.0,10935.0,0.0,0.09666666666666666,617175.0,13355.093076923076,0.0,0.0,-17.866666666666667,2209557.015,0.0,1.005006206040546,0.5,3,450000.0,1.0,-10.0,552389.25375,-516.25,0.020713,403818.8592857143,109309.5,-345.0,18.0,11150.595,,0.0,622219.0275,,-353.0,0.0,0.8666666666666667,,1.0,-913.0,746.0,7.0,False,18.0,-378.0,,0.0,,9036.787499999999,,,1244438.055,2826732.015,205725.0,0,,,1210297.5,-77.0,6922.98,0.0,False,173616.21,,5467.5,0.0,1.0,-353.0,8.0,True,,,,0.0,,0.0,145.0,0.0,,489754.1428571429,-6225.0,,11.0,0.0,0.0,0.0,0.0,,0.0015229650217834668,5467.5,0.0994921394395078,,0.0497460697197539,0.0,11150.595,37219.5,8.0,,-25.25,,0.5,False,13.0,,,13355.093076923076,0.0,,,,,,,,,-288.0,0.0994921394395078,,0.0,0.5,0.0,218160.25,False,0.0,0.0015229650217834668,,,-806.0,6922.98,73264.5,73975.5,,0.0,,1244438.055,,0.14285714285714285,-1357.6666666666667,,-806.0,0.0,0.0,0.0,37219.5,0.5714285714285714,37219.5,0.0,,,,,0.13333333333333333,0.0,,2.0,1.0,0.0,,0.5,0.0,-658.6666666666666,1.0,0.0,37219.5,73264.5,39186.0,0,1.0,0.0,0.0,0.0,0.5,0.0,0.0,0.0,1.0,0.0,,0.0,0.0,,1,130500.0,0.0
100056,,0.5239340474953537,0.033134437117737,,-9523.0,1.3978494623655915,29.333333333333332,49927.5,-18264,29.333333333333332,1656709.965,0,3.0,1350000.0,22392.0,1506816.0,,False,,0.7741935483870968,0.1386875,,4807.274032258066,73.0,,True,,0.0,0.0,-1797,45.675,,True,0.0,168149.79,-156847.0,0.3333333333333333,,,,,-1686.52688172043,,,1,,17561.715,72.0,1.1111111111111112,,,1043.0,,True,,,-1498.0,22392.0,1.0,0.23891437308868502,,17814.085645161293,0.0,,-54.23287671232877,,0.0,1.1111111111111112,0.0,2,,1.0,-17.0,,,0.010006,,405000.0,-559.0,88.0,21678.705,,0.0,,,-2166.0,447076.4850000001,0.9726027397260274,,1.0,,,11.0,False,88.0,,,0.0,,17561.715,,,,,,0,,,,,13502.385,0.0,True,2103786.45,,11196.0,0.0,0.3333333333333333,-2166.0,14.0,False,,,,16.0,,,,0.0,,,-5504.0,,11.21505376344086,,0.0,,0.0,,0.024166116262522536,11196.0,0.1089090909090909,,0.05445454545454545,,21678.705,135000.0,14.0,,,,0.0,False,93.0,,,22621.359677419357,21633.030000000002,,,,,,,,,,0.1089090909090909,,0.0,0.3333333333333333,0.6666666666666666,,False,0.0,0.024166116262522536,,,,13502.385,254640.0,283330.5,,,,,,,,,,0.0,0.0,0.0,135000.0,,135000.0,0.0,,,,,0.0136986301369863,0.0,,3.0,1.0,0.17539515955691767,,0.6666666666666666,0.0,,0.3333333333333333,,135000.0,254640.0,142425.0,1,0.3333333333333333,0.0,0.0,0.0,0.0,0.3333333333333333,0.0,0.0,0.3333333333333333,0.0,,0.0,0.6666666666666666,,0,360000.0,0.0
100058,0.6562248044601879,0.4508497225560816,0.05,0.4794489811780563,-1176.0,,,6750.0,-12406,,,1,,135000.0,,135000.0,,True,,,0.125,64649.25,,,,False,-223.0,,,-2576,,31087.0,True,,,,,,0.0,,-223.0,,0.0,,1,15685.5,,,,,-1049.75,,,False,0.5,1778498.0,0.0,,0.0,0.4,540000.0,,,0.0,,270000.0,,,,2,450000.0,,,135000.0,-506.5,0.0145199999999999,202500.0,,,,,,,129298.5,,,,,,,-650.0,31087.0,,True,,-378.0,0.0403,,,,,0.998,258597.0,810000.0,270000.0,0,0.4083,0.0651,130819.5,7571.0,,,False,,,,,,,,True,,,,,,0.0,284.0,,,1039908.25,-1149.0,,,0.0,,0.0,,,,,,,,0.0,,,,,-18.0,,,False,,,0.016,,,0.08,,,,,,0.0442,,-191.75,,0.0664,,,,160744.5,False,,,,,-709.0,,,,,0.0,,258597.0,,0.0,-1593.0,,-709.0,,,,,0.5,,,,,,,,,,,,,,,,-543.5,,0.0,,,,0,,,,,,,,,,,,,,,0,54000.0,0.0
100059,0.3115099249880457,0.7133545848531052,0.05125333333333333,0.3092753558842053,-6977.0,0.0,13.833333333333334,34596.0,-18632,12.461538461538462,1308560.94,0,7.0,675000.0,28341.0,675000.0,0.0,True,0.0,1.0,0.06406666666666666,196156.8,0.0,24.0,8543.97,True,-447.0,0.0,0.4444444444444444,-1937,5621.355,638.0,True,0.05555555555555555,416819.61,-13382.0,0.16666666666666666,,0.0,-213.0,-194.0,-704.3157894736842,0.0,0.0,1,638.0,21841.32,19.0,1.111196813873765,0.0,-639.4,273.0,0.0,False,0.8,245319.0,-1285.0,28341.0,0.0,0.8,532969.2,68871.62842105264,0.05555555555555555,,-25.458333333333332,1624500.0,0.1111111111111111,1.5330433101314773,0.2222222222222222,2,315000.0,0.3333333333333333,-2.0,1624500.0,-447.0,0.026392,431493.84,450000.0,-70.0,83.0,68565.375,0.0,0.0,980784.0,11.285714285714286,-326.0,0.0,0.7916666666666666,0.0,0.5555555555555556,-194.0,638.0,15.88888888888889,False,162.0,-102.0,0.5149,0.1111111111111111,0.0,25907.202692307692,79.0,0.9811,980784.0,2157469.2,133242.3,0,0.4583,0.5878,980784.0,-154.4,4500.0,0.05555555555555555,False,1308560.94,0.0,11101.275,0.0,0.7222222222222222,-213.0,17.0,False,0.0,0.0,0.0,0.0,0.0,0.0,638.0,0.05555555555555555,259959.59437500002,195557.3,-3904.0,8543.97,14.368421052631579,0.0,0.0,0.0,0.2222222222222222,0.4990384615384615,0.08659661610582974,6202.67,0.3998890123568022,0.0,0.08803064097618957,0.0,145794.6,35680.05,19.0,-44.0,-12.0,0.0,0.16666666666666666,False,19.0,45000.0,0.0487,68871.62842105264,0.0,0.88,0.0,16.125,0.7416,12.0,23274.0,0.2491,0.0,-306.6,0.1089846889387759,0.5309,0.3888888888888889,0.05555555555555555,0.6666666666666666,,False,0.05555555555555555,0.0032947216352351106,0.0,0.0,-612.0,4500.0,212093.88749999998,206543.25,0.0,8.0,0.0,980784.0,0.0,0.2,-687.5,90000.0,-612.0,0.5,0.05555555555555555,0.0,49593.825,0.2,49593.825,0.0,29392.245,35680.05,1.5330433101314773,1305000.0,0.20833333333333334,0.0,0.0,2.0,1.0,0.0,0.0,0.16666666666666666,0.05555555555555555,-352.5,0.1111111111111111,57.0,0.0,186235.56,0.0,1,0.5,0.16666666666666666,0.05555555555555555,0.1111111111111111,0.3888888888888889,0.1111111111111111,0.05555555555555555,0.0,0.4444444444444444,0.2777777777777778,0.0,0.0,0.2222222222222222,10.0,1,540000.0,0.0
100060,0.2445616325354615,0.705947456699447,0.03225742574257426,0.7992967832109371,-778.0,0.0,36.0,14661.0,-12282,36.0,308546.55,0,13.0,454500.0,,454500.0,,False,,2.0912422421531742,0.19164705882352942,0.0,-15000.0,6.0,0.0,True,,0.0,0.0,-1992,6818.4,,True,0.0,102732.75,-2376.0,1.0,,0.0,,-809.0,-396.0,0.0,,1,,12177.0,12.547453452919045,1.0,,-1327.0,90.0,,True,1.0,144367.5,-466.0,,0.0,0.16831683168316833,274641.83999999997,51424.424999999996,1.0,,-12.5,,0.0,1.0,0.0,2,80979.84,1.0,-10.0,,,0.028663,54928.367999999995,180000.0,-333.0,36.0,12177.0,,0.0,,,-466.0,-90000.0,0.8333333333333334,,1.0,-809.0,-444.0,13.0,False,36.0,-444.0,0.0139,0.0,,12177.0,,0.9806,0.0,274641.83999999997,54928.367999999995,0,0.0417,0.0114,,-1034.0,12177.0,0.0,True,218546.55,,,0.0,0.0,-466.0,13.0,False,,,0.0,0.0,,0.0,,0.0,,144367.5,-1824.0,0.0,15.0,0.0,0.0,,0.0,0.5653968253968253,,,,,,,12177.0,180000.0,13.0,-55.0,,,0.0,False,6.0,,0.0226,36424.424999999996,0.0,,,,,,,,,-822.6,,0.0227,0.0,0.0,1.0,,False,0.0,,,,-1337.0,12177.0,180000.0,180000.0,,,,,,0.0,-1327.0,,-1337.0,1.0,1.0,0.0,180000.0,0.0,180000.0,,,,,,0.16666666666666666,0.0,,4.0,7.390983000739098,6.744857786356919,,0.0,0.0,-1034.0,0.0,206.0,180000.0,180000.0,180000.0,1,0.0,0.0,0.0,0.0,0.0,1.0,0.0,0.0,0.0,0.0,,0.0,0.0,,0,76500.0,0.0
